gene	direction
LDLRAD4	up
FMNL3	up
DDR2	up
NPDC1	up
CALHM2	up
PCDH18	up
GUCY1A3	up
FPR3	up
GATA3	up
TNFRSF4	up
SOX17	up
LYL1	up
SYT11	up
SRPX2	up
KCTD15	up
IL16	up
CARD6	up
ADGRA2	up
GNB4	up
A2M	up
PID1	up
ARHGEF15	up
NETO2	up
IFNAR1	up
EMP3	up
NUF2	up
ST3GAL2	up
STK17B	up
CBR3	up
C8orf4	up
LDLRAP1	up
FXYD5	up
SYNPO2	up
GNG2	up
COL5A2	up
FBLIM1	up
UBASH3B	up
ZBTB46	up
GJC1	up
COL1A2	up
TOP2A	up
RRM2	up
LAMC1	up
PCOLCE	up
MECOM	up
FNDC1	up
CEBPA	up
HIP1	up
GOLGA3	up
MPZL1	up
GGTA1P	up
APOC1	up
CD44	up
TGFBI	up
RAPH1	up
CCDC80	up
TNFRSF25	up
HOXB6	up
HLX	up
MAP4K4	up
LPCAT1	up
LFNG	up
KIAA1671	up
SNAI2	up
LINC00597	up
PLEKHG2	up
ANGPTL2	up
FERMT3	up
F2RL2	up
RASSF5	up
MARVELD1	up
GPR65	up
PTGS1	up
CD34	up
CYB561D1	up
ITPKB	up
CDO1	up
FN1	up
EPB41L2	up
ANKRD50	up
ENG	up
COL4A1	up
SGK223	up
TBX3	up
TNS1	up
IGSF21	up
CYSLTR1	up
TSPAN17	up
SH3RF3	up
HN1	up
CLEC7A	up
PCDH17	up
MMEL1	up
NOTCH3	up
ADAM12	up
MARCKS	up
MMP2	up
KIAA0922	up
KCNMB1	up
MRAS	up
TUBB	up
GIMAP4	up
CASP10	up
SH3PXD2A	up
LOC400043	up
CCL8	up
MEF2A	up
PPIC	up
PRCP	up
TCIRG1	up
TMEM140	up
PLXDC1	up
RCOR1	up
BIRC5	up
ZNFX1	up
ASAP1	up
AEBP1	up
TRIM9	up
ARFGEF3	up
ENTPD1	up
C3orf80	up
CRTAM	up
IRGQ	up
HOXA13	up
TWIST1	up
INAFM2	up
ATG16L2	up
LOC148413	up
FBN1	up
CXorf21	up
TMEM44	up
C6orf47	up
CYFIP1	up
ECM1	up
DOCK6	up
CXCL16	up
SYNM	up
NOS3	up
C3AR1	up
C3orf70	up
FOXS1	up
NPY5R	up
SLFN5	up
NLRP1	up
CPED1	up
SLC8B1	up
OSBPL3	up
PIK3CG	up
ALDH18A1	up
PRELP	up
TDO2	up
RTN1	up
MFNG	up
LPAR6	up
ACTN1	up
SPG7	up
GPRIN3	up
IL33	up
CD180	up
PKN3	up
CACNB3	up
CLEC5A	up
CD4	up
GIMAP1	up
CD86	up
HOXA11	up
GUSB	up
ACVRL1	up
NRP1	up
KIAA0355	up
SFRP2	up
ESAM	up
ARPC2	up
PYCARD	up
TMEM45A	up
CSF1R	up
ATP13A1	up
TMEM110	up
S1PR5	up
CDK1	up
RASGRP2	up
ARHGAP45	up
MYO9B	up
TRIM7	up
CEMIP	up
COL3A1	up
COL16A1	up
COL4A2	up
ARHGAP4	up
SPARC	up
BAMBI	up
MN1	up
IL10RB-AS1	up
SOX18	up
CDR2L	up
CCDC85B	up
CD14	up
LINC01279	up
ABCC1	up
ATL3	up
PARD6B	down
NR4A2	down
TGIF1	down
CYP27B1	down
IRF2BP2	down
SLC19A2	down
ZFP36	down
PDE4B	down
RNF186	down
DNAJB1	down
JUN	down
ATF3	down
PPP1R10	down
FOS	down
PDE4D	down
FOSB	down
RNF32	down
USP2	down
ZNF331	down
EPB41L5	down
DEPDC7	down
GSTA3	down
BAG3	down
DUSP1	down
CEBPD	down
EGR1	down
ETNK2	down
IRF2BPL	down
CSRNP1	down
PHLDA1	down
SLC23A1	down
NR4A1	down
KLF4	down
TIPARP	down
NR4A3	down
JUND	down
BTG2	down
NFIL3	down
SPRY2	down
SOWAHC	down
ERRFI1	down
GDF15	down
PER1	down
ARG2	down
JUNB	down
BRE-AS1	down
RUNDC3B	down
RHOB	down
IP6K3	down
PLD6	down
NR1H4	down
PCK1	down
LOC727944	down
EIF1B	down
CTH	down
RDH10	down
SLC7A8	down
DCBLD2	down
KLF9	down
KLF6	down
ING1	down
APOLD1	down
MAOA	down
PDK4	down
FOSL2	down
BHLHE40	down
CRYM	down
GSTA1	down
SLC22A5	down
NPAS3	down
KCNK5	down
ESM1	down
FBXO21	down
C16orf72	down
BCL2L13	down
AK4	down
RNF180	down
RASD1	down
NFKBIZ	down
C11orf54	down
DDC	down
PATJ	down
CISH	down
CD69	down
UGT2A3	down
CPNE4	down
UPB1	down
MCL1	down
PLIN2	down
CLK1	down
ALDH8A1	down
CMBL	down
SHANK2	down
TSC22D2	down
NEDD9	down
TNFAIP3	down
RASL11B	down
ALDH6A1	down
TRIB1	down
HSPB8	down
CNST	down
HSPA4L	down
LOC101928841	down
SULT1C2	down
ACO1	down
SHMT1	down
RRAS2	down
CRYAB	down
NUP58	down
MGST1	down
CITED2	down
ATOH8	down
CYB5A	down
MBNL3	down
RHPN2	down
GAREM1	down
PKP2	down
LINC00473	down
WDR72	down
ALB	down
LRRC19	down
EZR	down
VNN1	down
SLC7A9	down
MUM1L1	down
ENY2	down
PPP1R15B	down
HPD	down
LRP2	down
NME5	down
IRS2	down
ARC	down
DUSP16	down
SPATA6	down
WBP2NL	down
SOX6	down
BHMT2	down
ANKRD33B	down
NAPSA	down
ACMSD	down
TSC22D3	down
PROX1	down
SLAIN1	down
TOB1	down
HADH	down
FMN2	down
HSPH1	down
GPX3	down
PLEKHH2	down
ANK2	down
KLF10	down
ALDOB	down
SDC1	down
ZNF189	down
WEE1	down
ACADSB	down
ZNF521	down
GADD45B	down
HOOK1	down
ID4	down
NFKBIA	down
KIAA1211L	down
FABP1	down
KHK	down
FAM199X	down
PHACTR3	down
SNX30	down
GPAT3	down
PDZK1IP1	down
FBP1	down
DIO1	down
SLC17A3	down
MMP25	down
RSBN1	down
TEAD1	down
PRLR	down
PCF11	down
GLUL	down
ITPRIP	down
CLK4	down
KLF15	down
GIPC2	down
NINL	down
ESRRG	down
ZFPM2	down
EXPH5	down
CXCL2	down
SLC27A2	down
ASS1	down
TMEM232	down
NOX4	down
SLCO4C1	down
FLRT3	down
LINC00886	down
CDK14	down
ARG1	down
DANCR	down
OCIAD2	down
KLHL15	down
KIAA1191	down
