drug	target	model	n_contacts	contact_residues
nintedanib	LYN	0	18	LEU_253;VAL_261;ALA_273;LYS_275;GLU_290;MET_294;VAL_303;THR_319;GLU_320;TYR_321;MET_322;ALA_323;LYS_324;GLY_325;SER_326;GLU_335;LEU_374;ASP_385
nintedanib	LYN	1	16	ARG_252;LEU_253;VAL_261;ALA_273;LYS_275;GLU_290;MET_294;VAL_303;THR_319;GLU_320;TYR_321;MET_322;ALA_323;GLY_325;LEU_374;ASP_385
nintedanib	LYN	2	18	LEU_253;GLY_254;VAL_261;ALA_273;LYS_275;GLU_290;MET_294;THR_319;GLU_320;TYR_321;MET_322;ALA_323;LYS_324;GLY_325;SER_326;SER_333;LEU_374;ASP_385
bosutinib	LYN	0	17	LEU_253;VAL_261;ALA_273;VAL_274;LYS_275;GLU_290;MET_294;VAL_303;ILE_317;THR_319;GLU_320;TYR_321;MET_322;ALA_323;GLY_325;LEU_374;ALA_384
bosutinib	LYN	1	19	LEU_253;VAL_261;ALA_273;VAL_274;LYS_275;GLU_290;MET_294;VAL_303;ILE_317;THR_319;GLU_320;TYR_321;MET_322;ALA_323;LYS_324;GLY_325;LEU_374;ALA_384;ASP_385
bosutinib	LYN	2	17	LEU_253;VAL_261;ALA_273;VAL_274;LYS_275;GLU_290;VAL_303;ILE_317;THR_319;GLU_320;TYR_321;MET_322;ALA_323;GLY_325;LEU_374;ALA_384;ASP_385
masitinib	LYN	0	20	MET_1;GLY_2;CYS_3;LEU_253;VAL_261;ALA_273;VAL_274;LYS_275;GLU_290;LEU_293;MET_294;ILE_317;THR_319;TYR_321;MET_322;GLY_325;LEU_374;ALA_384;ASP_385;PHE_386
masitinib	LYN	1	23	ASP_15;VAL_17;ARG_25;THR_30;ILE_31;TYR_32;VAL_33;LEU_253;VAL_261;ALA_273;VAL_274;LYS_275;GLU_290;LEU_293;MET_294;ILE_317;THR_319;TYR_321;MET_322;GLY_325;LEU_374;ASP_385;PHE_386
masitinib	LYN	2	16	MET_1;LEU_253;PHE_258;VAL_261;ALA_273;LYS_275;GLU_290;ILE_317;THR_319;TYR_321;MET_322;GLY_325;LEU_374;ASP_385;PHE_386;GLY_387
tranilast	TGFB1	0	8	LEU_80;THR_109;GLU_266;VAL_370;LYS_373;PRO_374;LYS_375;VAL_376
tranilast	TGFB1	1	8	SER_55;ARG_58;LEU_59;ALA_60;TYR_103;TYR_104;GLN_272;HIS_276
tranilast	TGFB1	2	10	MET_1;PRO_2;PRO_327;TYR_328;LEU_340;TYR_343;ASN_344;HIS_346;PRO_348;PRO_354
dasatinib	LYN	0	19	LEU_253;VAL_261;ALA_273;VAL_274;LYS_275;GLU_290;MET_294;VAL_303;ILE_317;THR_319;GLU_320;TYR_321;MET_322;ALA_323;LYS_324;GLY_325;LEU_374;ALA_384;ASP_385
dasatinib	LYN	1	18	LEU_253;VAL_261;ALA_273;VAL_274;LYS_275;GLU_290;MET_294;VAL_303;ILE_317;THR_319;GLU_320;TYR_321;MET_322;ALA_323;LYS_324;GLY_325;LEU_374;ALA_384
dasatinib	LYN	2	18	LEU_253;VAL_261;ALA_273;VAL_274;LYS_275;GLU_290;MET_294;VAL_303;ILE_317;THR_319;GLU_320;TYR_321;MET_322;ALA_323;LYS_324;GLY_325;LEU_374;ALA_384
