drug	np_rank	np_z_score	ot_rank	ot_genetic_score	mean_rank	hit_alignment	target_gene	moa	clinical_phase	novel	egfr_flag	nephrotoxicity_risk	hypertension_risk	safety_note	priority_score	final_rank
nintedanib	57	-2.0176	13	0.5052	35.0	2	LYN	FGFR inhibitor | PDGFR tyrosine kinase receptor inhibitor | VEGFR inhibitor	Launched	True	monitor	low	none	No formal dose adjustment for eGFR > 30 (hepatic metabolism). Used in IPF patients with comorbid CKD. Mild GI toxicity manageable. Best CKD safety profile in cluster.	9.0	1
bosutinib	56	-2.0606	7	0.5052	31.5	2	LYN	Abl kinase inhibitor | Bcr-Abl kinase inhibitor | SRC inhibitor	Launched	True	dose_reduce_egfr<30	low	low	Reduce dose to 200 mg/day for eGFR < 30 (FDA label). Hepatic metabolism; renal excretion minimal. No CKD contraindication above eGFR 30.	8.0	2
masitinib	53	-2.4299	14	0.5052	33.5	2	LYN	KIT inhibitor | PDGFR tyrosine kinase receptor inhibitor | SRC inhibitor	Launched	True	monitor	low	low	No CKD-specific dose adjustment published. Tested in ALS, MS, pancreatic cancer. Mild edema in ~15% of patients. Renal safety data from non-oncology trials favourable.	8.0	3
tranilast	58	-1.627	22	0.428	40.0	4	TGFB1	angiogenesis inhibitor	Launched	True	monitor	low	none	Launched antiallergic/anti-fibrotic. Well-tolerated in long-term use (Japan). Rare hepatic effects. No CKD contraindication; used in Japanese patients with CKD.	8.0	4
adaprev	5	-6.5175	23	0.428	14.0	4	TGFB1	TGF beta receptor inhibitor	Phase 3	True	monitor	low	none	Phase 3 (DME indication). TGF-β receptor inhibitor. Systemic safety data limited for non-ocular route. Author should verify systemic dosing safety.	7.0	5
dasatinib	61	-0.9131	15	0.5052	38.0	2	LYN	Bcr-Abl kinase inhibitor | ephrin inhibitor | KIT inhibitor | PDGFR tyrosine kinase receptor inhibitor | SRC inhibitor | tyrosine kinase inhibitor	Launched	True	monitor	low	moderate	No renal dose adjustment required (hepatic metabolism). Hypertension in 11% of patients; monitor BP closely in IgAN. Pleural effusion at oncology doses (100 mg); lower doses (20–50 mg) under investigation for autoimmune indications.	7.0	6
f351	16	-5.6862	20	0.428	18.0	4	TGFB1	TGF beta receptor inhibitor	Phase 2	True	monitor	low	none	Phase 2 liver fibrosis trial. Anti-fibrotic mechanism. Safety profile emerging; no renal-specific contraindication identified. Most clinically advanced novel Hit 4 prediction.	6.0	7
bafetinib	35	-3.9236	12	0.5052	23.5	2	LYN	Bcr-Abl kinase inhibitor | LYN tyrosine kinase inhibitor	Phase 2	True	monitor	low	low	Phase 2 safety data limited; hepatic metabolism; no renal contraindication identified. Most LYN-selective agent in shortlist. Author should verify Phase 2 safety reports.	6.0	8
tolimidone	40	-3.7928	11	0.5052	25.5	2	LYN	SRC activator	Phase 2	True	none	none	none	Phase 2; development discontinued (antidiabetic). SRC activator — unusual mechanism for IgAN. Mechanistic rationale requires further scrutiny. Flag for review.	6.0	9
rebastinib	55	-2.0913	10	0.5052	32.5	2	LYN	Bcr-Abl kinase inhibitor | TIE tyrosine kinase inhibitor | VEGFR inhibitor	Phase 1/Phase 2	True	monitor	low	low	Phase 1/2 only; limited safety data. No renal contraindication identified. Author should verify most recent trial safety reporting.	6.0	10
ginsenoside-re	30	-4.2648	16	0.4961	23.0	4	REL	anti-inflammatory agent	Phase 1	True	none	none	none	Phase 1 anti-inflammatory. Natural compound; low clinical tractability for IgAN repurposing. Include as mechanistic validation of REL/NF-κB axis.	5.0	11
ponatinib	59	-1.5881	9	0.5052	34.0	2	LYN	Bcr-Abl kinase inhibitor | FLT3 inhibitor | PDGFR tyrosine kinase receptor inhibitor	Launched	True	monitor	moderate	high	Arterial occlusive events (14% of patients), hypertension (67%), hepatotoxicity. Significant cardiovascular burden inappropriate for IgAN without careful risk-benefit. Flag for specialist cardiovascular review before IgAN use.	5.0	12
d-4476	6	-6.377	21	0.428	13.5	4	TGFB1	TGF beta receptor inhibitor	Preclinical	True	none	none	none	Preclinical only. CK1α + TGF-β dual inhibitor. No human safety data. Include as mechanistic anchor; flag for in vitro IgAN validation.	4.0	13
ft011	27	-5.1747	19	0.428	23.0	4	TGFB1	TGF beta receptor inhibitor	Preclinical	True	none	none	none	Preclinical anti-fibrotic. Published preclinical CKD data (diabetic nephropathy model). No human safety data. Strong mechanistic rationale; needs Phase 1 development.	4.0	14
on123300	54	-2.2036	8	0.5052	31.0	2	LYN	CDK inhibitor	Preclinical	True	none	none	none	Preclinical CDK/LYN inhibitor. No human safety data. Include as mechanistic anchor.	4.0	15
