drug	node_index	held_out_score	held_out_rank	total_drugs	held_out_percentile
Budesonide	14034	2.8946777e-05	56	7957	0.7037828327259017
Empagliflozin	15847	6.20718e-05	75	7957	0.9425662938293327
Prednisolone	14030	1.0794723e-05	103	7957	1.2944577101922836
Candesartan	14618	6.237952e-07	104	7957	1.3070252607766746
Telmisartan	15836	7.339936e-06	142	7957	1.7845921829835365
Methylprednisolone	14269	8.799548e-06	151	7957	1.8977001382430563
Irbesartan	14282	5.509366e-06	168	7957	2.111348498177705
Sparsentan	17373	8.860658e-06	207	7957	2.601482970968958
Losartan	14215	1.13938924e-07	246	7957	3.091617443760211
Atrasentan	17371	2.1320673e-06	246	7957	3.091617443760211
Hydroxychloroquine	14347	5.3171107e-06	255	7957	3.204725399019731
Mycophenolate mofetil	14964	2.0938573e-07	434	7957	5.454316953625738
Dapagliflozin	15201	1.818939e-07	556	7957	6.987558124921453
Fostamatinib	15674	2.8948262e-08	1627	7957	20.44740480080432
Ravulizumab	17946	9.9656956e-11	3748	7957	47.10317959029785
