drug	z_score	observed_distance	null_mean	null_sd	n_targets_in_network	n_permutations	known_igan
sparsentan	-8.3719	0.0	0.9725	0.1162	2	1000	True
fr-139317	-7.8422	0.0	0.984	0.1255	1	1000	False
saralasin	-7.3862	0.0	0.982	0.133	1	1000	False
fimasartan	-7.0	0.0	0.98	0.14	1	1000	False
adaprev	-6.5175	0.0	0.977	0.1499	1	1000	False
d-4476	-6.377	0.0	0.976	0.153	1	1000	False
losartan	-6.377	0.0	0.976	0.153	1	1000	False
atrasentan	-6.0031	0.0	0.973	0.1621	1	1000	True
candesartan	-6.0031	0.0	0.973	0.1621	1	1000	False
eprosartan	-5.8919	0.0	0.972	0.165	1	1000	False
spp301	-5.8919	0.0	0.972	0.165	1	1000	False
pyrrolidine-dithiocarbamate	-5.7864	0.0	0.971	0.1678	1	1000	False
gbr-12935	-5.7864	0.0	0.971	0.1678	1	1000	False
olmesartan-medoxomil	-5.7864	0.0	0.971	0.1678	1	1000	False
caffeic-acid-phenethyl-ester	-5.6862	0.0	0.97	0.1706	1	1000	False
f351	-5.6862	0.0	0.97	0.1706	1	1000	False
bq-123	-5.6862	0.0	0.97	0.1706	1	1000	False
triptolide	-5.5909	0.0	0.969	0.1733	1	1000	False
bay-11-7082	-5.5909	0.0	0.969	0.1733	1	1000	False
emd-66684	-5.5	0.0	0.968	0.176	1	1000	False
nfkb-activation-inhibitor-ii	-5.5	0.0	0.968	0.176	1	1000	False
olmesartan	-5.5	0.0	0.968	0.176	1	1000	False
valsartan	-5.4132	0.0	0.967	0.1786	1	1000	False
zibotentan	-5.3303	0.0	0.966	0.1812	1	1000	False
carboxylosartan	-5.2509	0.0	0.965	0.1838	1	1000	False
bms-182874	-5.1747	0.0	0.964	0.1863	1	1000	False
ft011	-5.1747	0.0	0.964	0.1863	1	1000	False
darusentan	-5.0315	0.0	0.962	0.1912	1	1000	False
zd-7155	-4.8363	0.0	0.959	0.1983	1	1000	False
ginsenoside-re	-4.2648	0.6667	0.9695	0.071	6	1000	False
bms-207940	-4.1057	0.5	0.972	0.115	2	1000	False
sitaxentan	-4.0674	0.5	0.9715	0.1159	2	1000	False
irbesartan	-3.9587	0.5	0.972	0.1192	2	1000	False
macitentan	-3.9581	0.5	0.97	0.1187	2	1000	False
bafetinib	-3.9236	0.5	0.9705	0.1199	2	1000	False
sacubitril valsartan cocrystal	-3.9236	0.5	0.9705	0.1199	2	1000	False
telmisartan	-3.8897	0.5	0.97	0.1208	2	1000	False
delivert	-3.8243	0.5	0.968	0.1224	2	1000	False
pd-156707	-3.7932	0.5	0.9695	0.1238	2	1000	False
tolimidone	-3.7928	0.5	0.9685	0.1235	2	1000	False
macitentan-n-butyl-analogue	-3.7033	0.5	0.969	0.1266	2	1000	False
parthenolide-(alternate-stereo)	-3.7021	0.5	0.966	0.1259	2	1000	False
bosentan	-3.6451	0.5	0.966	0.1278	2	1000	False
glpg0187	-3.5376	0.5	0.964	0.1312	2	1000	False
ambrisentan	-3.4626	0.5	0.9635	0.1339	2	1000	False
azilsartan	-3.3684	0.6667	0.9737	0.0911	3	1000	False
act-132577	-3.3031	0.5	0.961	0.1396	2	1000	False
barium-6-o-phosphonato-d-glucose	-3.2811	0.5	0.9585	0.1397	2	1000	False
azilsartan-medoxomil	-2.9202	0.6667	0.967	0.1028	3	1000	False
acetylcysteine	-2.9196	0.6667	0.965	0.1022	3	1000	False
bortezomib	-2.89	0.6667	0.967	0.1039	3	1000	False
citric-acid	-2.543	0.75	0.9685	0.0859	4	1000	False
masitinib	-2.4299	0.75	0.9667	0.0892	4	1000	False
on123300	-2.2036	0.8	0.9686	0.0765	5	1000	False
rebastinib	-2.0913	0.8	0.9682	0.0804	5	1000	False
bosutinib	-2.0606	0.8333	0.9712	0.0669	6	1000	False
nintedanib	-2.0176	0.8	0.9656	0.0821	5	1000	False
tranilast	-1.627	0.8571	0.9673	0.0677	7	1000	False
ponatinib	-1.5881	0.875	0.9704	0.0601	8	1000	False
aspirin	-1.5454	0.875	0.9696	0.0612	8	1000	False
dasatinib	-0.9131	0.9231	0.9684	0.0496	13	1000	False
plx4720	0.1192	1.0	0.986	0.1175	1	1000	False
levocetirizine	0.1234	1.0	0.985	0.1216	1	1000	False
h-89	0.1234	1.0	0.985	0.1216	1	1000	False
tc-e-5002	0.1315	1.0	0.983	0.1293	1	1000	False
arachidonic-acid	0.1315	1.0	0.983	0.1293	1	1000	False
dabigatran-etexilate	0.1315	1.0	0.983	0.1293	1	1000	False
gne-477	0.1354	1.0	0.982	0.133	1	1000	False
dihomo-gamma-linolenic-acid	0.1392	1.0	0.981	0.1365	1	1000	False
iodipamide	0.1392	1.0	0.981	0.1365	1	1000	False
senaparib	0.1392	1.0	0.981	0.1365	1	1000	False
phenelzine	0.1429	1.0	0.98	0.14	1	1000	False
as-1892802	0.1429	1.0	0.98	0.14	1	1000	False
alfuzosin	0.1429	1.0	0.98	0.14	1	1000	False
methiopril	0.1429	1.0	0.98	0.14	1	1000	False
clonixin	0.1429	1.0	0.98	0.14	1	1000	False
tanespimycin	0.1429	1.0	0.98	0.14	1	1000	False
alk2-in-1	0.1465	1.0	0.979	0.1434	1	1000	False
serotonin	0.1465	1.0	0.979	0.1434	1	1000	False
dexamethasone palmitate	0.1465	1.0	0.979	0.1434	1	1000	False
leptomycin b	0.1465	1.0	0.979	0.1434	1	1000	False
r112	0.1465	1.0	0.979	0.1434	1	1000	False
veliparib	0.1465	1.0	0.979	0.1434	1	1000	False
quinapril	0.1465	1.0	0.979	0.1434	1	1000	False
nt157	0.1465	1.0	0.979	0.1434	1	1000	False
levomepromazine	0.1465	1.0	0.979	0.1434	1	1000	False
flurbiprofen-(+/-)	0.1465	1.0	0.979	0.1434	1	1000	False
pamiparib	0.1465	1.0	0.979	0.1434	1	1000	False
lisuride	0.1465	1.0	0.979	0.1434	1	1000	False
hexestrol	0.1465	1.0	0.979	0.1434	1	1000	False
rosiptor	0.1465	1.0	0.979	0.1434	1	1000	False
enalapril	0.1465	1.0	0.979	0.1434	1	1000	False
fenoxaprop-p-ethyl	0.1465	1.0	0.979	0.1434	1	1000	False
estetrol	0.15	1.0	0.978	0.1467	1	1000	False
meloxicam	0.15	1.0	0.978	0.1467	1	1000	False
aminoguanidine	0.15	1.0	0.978	0.1467	1	1000	False
diflorasone diacetate	0.15	1.0	0.978	0.1467	1	1000	False
vimirogant	0.15	1.0	0.978	0.1467	1	1000	False
metipranolol	0.15	1.0	0.978	0.1467	1	1000	False
p5091	0.15	1.0	0.978	0.1467	1	1000	False
sb-228357	0.15	1.0	0.978	0.1467	1	1000	False
pnu-22394	0.15	1.0	0.978	0.1467	1	1000	False
gefitinib	0.15	1.0	0.978	0.1467	1	1000	False
her2-inhibitor-1	0.15	1.0	0.978	0.1467	1	1000	False
5-fluorouracil	0.15	1.0	0.978	0.1467	1	1000	False
prt062070	0.15	1.0	0.978	0.1467	1	1000	False
gamma-linolenic-acid	0.15	1.0	0.978	0.1467	1	1000	False
tulobuterol hydrochloride	0.15	1.0	0.978	0.1467	1	1000	False
ici-89406	0.15	1.0	0.978	0.1467	1	1000	False
nvp-adw742	0.15	1.0	0.978	0.1467	1	1000	False
clocortolone-pivalate	0.15	1.0	0.978	0.1467	1	1000	False
suramin	0.15	1.0	0.978	0.1467	1	1000	False
estramustine	0.15	1.0	0.978	0.1467	1	1000	False
sb-216641	0.15	1.0	0.978	0.1467	1	1000	False
minoxidil	0.15	1.0	0.978	0.1467	1	1000	False
mobocertinib	0.15	1.0	0.978	0.1467	1	1000	False
nsc-5844	0.1534	1.0	0.977	0.1499	1	1000	False
yohimbine	0.1534	1.0	0.977	0.1499	1	1000	False
prn1008	0.1534	1.0	0.977	0.1499	1	1000	False
sr-2211	0.1534	1.0	0.977	0.1499	1	1000	False
desmopressin-acetate	0.1534	1.0	0.977	0.1499	1	1000	False
propafenone	0.1534	1.0	0.977	0.1499	1	1000	False
propranolol-(r)	0.1534	1.0	0.977	0.1499	1	1000	False
mk-0429	0.1534	1.0	0.977	0.1499	1	1000	False
medrysone	0.1534	1.0	0.977	0.1499	1	1000	False
dmh4	0.1534	1.0	0.977	0.1499	1	1000	False
myricetin	0.1534	1.0	0.977	0.1499	1	1000	False
bms-387032	0.1534	1.0	0.977	0.1499	1	1000	False
cgp-57380	0.1534	1.0	0.977	0.1499	1	1000	False
osi-420	0.1534	1.0	0.977	0.1499	1	1000	False
sb-505124	0.1534	1.0	0.977	0.1499	1	1000	False
nemiralisib	0.1534	1.0	0.977	0.1499	1	1000	False
retaspimycin	0.1534	1.0	0.977	0.1499	1	1000	False
olaparib	0.1534	1.0	0.977	0.1499	1	1000	False
betamethasone	0.1534	1.0	0.977	0.1499	1	1000	False
dexniguldipine	0.1534	1.0	0.977	0.1499	1	1000	False
metarrestin	0.1534	1.0	0.977	0.1499	1	1000	False
ramatroban	0.1534	1.0	0.977	0.1499	1	1000	False
pifithrin-mu	0.1534	1.0	0.977	0.1499	1	1000	False
aminophylline	0.1534	1.0	0.977	0.1499	1	1000	False
itacitinib	0.1534	1.0	0.977	0.1499	1	1000	False
toremifene	0.1534	1.0	0.977	0.1499	1	1000	False
tak-071	0.1534	1.0	0.977	0.1499	1	1000	False
emodin	0.1534	1.0	0.977	0.1499	1	1000	False
zotarolimus	0.1534	1.0	0.977	0.1499	1	1000	False
itd-1	0.1534	1.0	0.977	0.1499	1	1000	False
acalabrutinib	0.1534	1.0	0.977	0.1499	1	1000	False
lenalidomide	0.1534	1.0	0.977	0.1499	1	1000	False
gw-5074	0.1534	1.0	0.977	0.1499	1	1000	False
kainic-acid	0.1534	1.0	0.977	0.1499	1	1000	False
alvespimycin	0.1568	1.0	0.976	0.153	1	1000	False
sb-225002	0.1568	1.0	0.976	0.153	1	1000	False
estradiol-benzoate	0.1568	1.0	0.976	0.153	1	1000	False
declopramide	0.1568	1.0	0.976	0.153	1	1000	False
ethanolamine-oleate	0.1568	1.0	0.976	0.153	1	1000	False
sdz-ser-082	0.1568	1.0	0.976	0.153	1	1000	False
az5104	0.1568	1.0	0.976	0.153	1	1000	False
etoricoxib	0.1568	1.0	0.976	0.153	1	1000	False
epiestriol	0.1568	1.0	0.976	0.153	1	1000	False
czc24832	0.1568	1.0	0.976	0.153	1	1000	False
sc-9	0.1568	1.0	0.976	0.153	1	1000	False
l-quisqualic-acid	0.1568	1.0	0.976	0.153	1	1000	False
ro-3306	0.1568	1.0	0.976	0.153	1	1000	False
c-1	0.1568	1.0	0.976	0.153	1	1000	False
ginkgolide-a	0.1568	1.0	0.976	0.153	1	1000	False
3-bromo-7-nitroindazole	0.1568	1.0	0.976	0.153	1	1000	False
promestriene	0.1568	1.0	0.976	0.153	1	1000	False
tyrphostin-ag-99	0.1568	1.0	0.976	0.153	1	1000	False
propranolol	0.1568	1.0	0.976	0.153	1	1000	False
fenoterol hydrobromide	0.1568	1.0	0.976	0.153	1	1000	False
palomid-529	0.1568	1.0	0.976	0.153	1	1000	False
pac-1	0.1568	1.0	0.976	0.153	1	1000	False
fosinopril	0.1568	1.0	0.976	0.153	1	1000	False
rasagiline	0.1568	1.0	0.976	0.153	1	1000	False
ono-4059	0.1568	1.0	0.976	0.153	1	1000	False
isoprenaline	0.1568	1.0	0.976	0.153	1	1000	False
dienogest	0.1568	1.0	0.976	0.153	1	1000	False
ibrutinib	0.1568	1.0	0.976	0.153	1	1000	False
rivanicline	0.1568	1.0	0.976	0.153	1	1000	False
snap-5089	0.1568	1.0	0.976	0.153	1	1000	False
elactocin	0.1568	1.0	0.976	0.153	1	1000	False
ebselen	0.1568	1.0	0.976	0.153	1	1000	False
meglitinide	0.1601	1.0	0.975	0.1561	1	1000	False
estramustine-phosphate	0.1601	1.0	0.975	0.1561	1	1000	False
sb-206553	0.1601	1.0	0.975	0.1561	1	1000	False
lanraplenib	0.1601	1.0	0.975	0.1561	1	1000	False
tamsulosin	0.1601	1.0	0.975	0.1561	1	1000	False
fostamatinib	0.1601	1.0	0.975	0.1561	1	1000	True
p22077	0.1601	1.0	0.975	0.1561	1	1000	False
cep-40783	0.1601	1.0	0.975	0.1561	1	1000	False
macelignan	0.1601	1.0	0.975	0.1561	1	1000	False
acetohydroxamic-acid	0.1601	1.0	0.975	0.1561	1	1000	False
ibuproxam	0.1601	1.0	0.975	0.1561	1	1000	False
thioctic-acid	0.1601	1.0	0.975	0.1561	1	1000	False
dusquetide (tfa)	0.1601	1.0	0.975	0.1561	1	1000	False
triamcinolone acetonide	0.1601	1.0	0.975	0.1561	1	1000	False
batefenterol	0.1601	1.0	0.975	0.1561	1	1000	False
mrtx849	0.1601	1.0	0.975	0.1561	1	1000	False
kb-src-4	0.1601	1.0	0.975	0.1561	1	1000	False
tiludronate	0.1601	1.0	0.975	0.1561	1	1000	False
nafamostat	0.1601	1.0	0.975	0.1561	1	1000	False
flurbiprofen-(s)-(+)	0.1601	1.0	0.975	0.1561	1	1000	False
imidazoacridinone	0.1601	1.0	0.975	0.1561	1	1000	False
cilazapril	0.1601	1.0	0.975	0.1561	1	1000	False
tolvaptan	0.1601	1.0	0.975	0.1561	1	1000	False
rociletinib	0.1601	1.0	0.975	0.1561	1	1000	False
droloxifene	0.1601	1.0	0.975	0.1561	1	1000	False
nimesulide	0.1601	1.0	0.975	0.1561	1	1000	False
lithocholic-acid	0.1601	1.0	0.975	0.1561	1	1000	False
aleglitazar	0.1601	1.0	0.975	0.1561	1	1000	False
ccr1 antagonist 9	0.1601	1.0	0.975	0.1561	1	1000	False
amygdalin	0.1601	1.0	0.975	0.1561	1	1000	False
mitoflaxone	0.1601	1.0	0.975	0.1561	1	1000	False
dwk-1339	0.1601	1.0	0.975	0.1561	1	1000	False
dexamethasone	0.1601	1.0	0.975	0.1561	1	1000	False
bvt948	0.1601	1.0	0.975	0.1561	1	1000	False
desmopressin (acetate)	0.1601	1.0	0.975	0.1561	1	1000	False
prednisolone acetate	0.1601	1.0	0.975	0.1561	1	1000	False
c188-9	0.1601	1.0	0.975	0.1561	1	1000	False
gsk2816126	0.1601	1.0	0.975	0.1561	1	1000	False
lauric-acid	0.1601	1.0	0.975	0.1561	1	1000	False
sd-169	0.1601	1.0	0.975	0.1561	1	1000	False
levonordefrin	0.1601	1.0	0.975	0.1561	1	1000	False
dinoprost	0.1601	1.0	0.975	0.1561	1	1000	False
dimethyl-fumarate	0.1601	1.0	0.975	0.1561	1	1000	False
bvt-948	0.1601	1.0	0.975	0.1561	1	1000	False
ensartinib	0.1601	1.0	0.975	0.1561	1	1000	False
piroxicam	0.1601	1.0	0.975	0.1561	1	1000	False
4-hqn	0.1601	1.0	0.975	0.1561	1	1000	False
flumethasone-pivalate	0.1634	1.0	0.974	0.1591	1	1000	False
phenazone	0.1634	1.0	0.974	0.1591	1	1000	False
biib021	0.1634	1.0	0.974	0.1591	1	1000	False
phenylephrine	0.1634	1.0	0.974	0.1591	1	1000	False
urea	0.1634	1.0	0.974	0.1591	1	1000	False
magnolol	0.1634	1.0	0.974	0.1591	1	1000	False
volinanserin	0.1634	1.0	0.974	0.1591	1	1000	False
bi-78d3	0.1634	1.0	0.974	0.1591	1	1000	False
icotinib	0.1634	1.0	0.974	0.1591	1	1000	False
losmapimod	0.1634	1.0	0.974	0.1591	1	1000	False
nu-6027	0.1634	1.0	0.974	0.1591	1	1000	False
chlorprothixene	0.1634	1.0	0.974	0.1591	1	1000	False
plerixafor	0.1634	1.0	0.974	0.1591	1	1000	False
a205804	0.1634	1.0	0.974	0.1591	1	1000	False
chlormadinone acetate	0.1634	1.0	0.974	0.1591	1	1000	False
hlcl-61	0.1634	1.0	0.974	0.1591	1	1000	False
a-61603	0.1634	1.0	0.974	0.1591	1	1000	False
pyrimethamine	0.1634	1.0	0.974	0.1591	1	1000	False
carbendazim	0.1634	1.0	0.974	0.1591	1	1000	False
ufenamate	0.1634	1.0	0.974	0.1591	1	1000	False
freselestat	0.1634	1.0	0.974	0.1591	1	1000	False
quetiapine	0.1634	1.0	0.974	0.1591	1	1000	False
zk-164015	0.1634	1.0	0.974	0.1591	1	1000	False
pf-06747775	0.1634	1.0	0.974	0.1591	1	1000	False
efatutazone	0.1634	1.0	0.974	0.1591	1	1000	False
halcinonide	0.1634	1.0	0.974	0.1591	1	1000	False
arbutamine	0.1634	1.0	0.974	0.1591	1	1000	False
lxr-623	0.1634	1.0	0.974	0.1591	1	1000	False
unc0642	0.1634	1.0	0.974	0.1591	1	1000	False
racecadotril	0.1634	1.0	0.974	0.1591	1	1000	False
lornoxicam	0.1634	1.0	0.974	0.1591	1	1000	False
l-nil	0.1634	1.0	0.974	0.1591	1	1000	False
icg-001	0.1634	1.0	0.974	0.1591	1	1000	False
onc201	0.1634	1.0	0.974	0.1591	1	1000	False
gw-0742	0.1634	1.0	0.974	0.1591	1	1000	False
caffeic-acid	0.1634	1.0	0.974	0.1591	1	1000	False
dihydroergotamine	0.1634	1.0	0.974	0.1591	1	1000	False
dilmapimod	0.1634	1.0	0.974	0.1591	1	1000	False
dapiprazole	0.1634	1.0	0.974	0.1591	1	1000	False
doconexent	0.1634	1.0	0.974	0.1591	1	1000	False
sar405838	0.1634	1.0	0.974	0.1591	1	1000	False
l-755507	0.1634	1.0	0.974	0.1591	1	1000	False
ethinyl-estradiol	0.1634	1.0	0.974	0.1591	1	1000	False
ten-010	0.1634	1.0	0.974	0.1591	1	1000	False
compound-401	0.1634	1.0	0.974	0.1591	1	1000	False
ligustilide	0.1634	1.0	0.974	0.1591	1	1000	False
sodium-stibogluconate	0.1634	1.0	0.974	0.1591	1	1000	False
estradiol-valerate	0.1634	1.0	0.974	0.1591	1	1000	False
amcenestrant	0.1634	1.0	0.974	0.1591	1	1000	False
diphenyleneiodonium	0.1634	1.0	0.974	0.1591	1	1000	False
sd-0006	0.1634	1.0	0.974	0.1591	1	1000	False
estradiol-acetate	0.1634	1.0	0.974	0.1591	1	1000	False
methylprednisolone	0.1634	1.0	0.974	0.1591	1	1000	False
amd-3465	0.1634	1.0	0.974	0.1591	1	1000	False
az7550	0.1634	1.0	0.974	0.1591	1	1000	False
methazolamide	0.1634	1.0	0.974	0.1591	1	1000	False
eptifibatide	0.1634	1.0	0.974	0.1591	1	1000	False
sjg-136	0.1634	1.0	0.974	0.1591	1	1000	False
diethylstilbestrol	0.1634	1.0	0.974	0.1591	1	1000	False
zilpaterol	0.1634	1.0	0.974	0.1591	1	1000	False
eo-1428	0.1634	1.0	0.974	0.1591	1	1000	False
mk-8033	0.1634	1.0	0.974	0.1591	1	1000	False
salicylic-acid	0.1634	1.0	0.974	0.1591	1	1000	False
vimseltinib	0.1634	1.0	0.974	0.1591	1	1000	False
ruboxistaurin	0.1634	1.0	0.974	0.1591	1	1000	False
apabetalone	0.1634	1.0	0.974	0.1591	1	1000	False
mc1568	0.1634	1.0	0.974	0.1591	1	1000	False
nab-2	0.1634	1.0	0.974	0.1591	1	1000	False
beclomethasone	0.1634	1.0	0.974	0.1591	1	1000	False
rs-102895	0.1634	1.0	0.974	0.1591	1	1000	False
everolimus	0.1634	1.0	0.974	0.1591	1	1000	False
timolol maleate	0.1634	1.0	0.974	0.1591	1	1000	False
nvp-tae684	0.1666	1.0	0.973	0.1621	1	1000	False
pf-06459988	0.1666	1.0	0.973	0.1621	1	1000	False
nepafenac	0.1666	1.0	0.973	0.1621	1	1000	False
nvp-aew541	0.1666	1.0	0.973	0.1621	1	1000	False
ggti-298	0.1666	1.0	0.973	0.1621	1	1000	False
ly2510924	0.1666	1.0	0.973	0.1621	1	1000	False
dioscin	0.1666	1.0	0.973	0.1621	1	1000	False
ha14-1	0.1666	1.0	0.973	0.1621	1	1000	False
euk-134	0.1666	1.0	0.973	0.1621	1	1000	False
erythromycin-estolate	0.1666	1.0	0.973	0.1621	1	1000	False
er-27319	0.1666	1.0	0.973	0.1621	1	1000	False
dronedarone	0.1666	1.0	0.973	0.1621	1	1000	False
dexamethasone-acetate	0.1666	1.0	0.973	0.1621	1	1000	False
gsk2981278	0.1666	1.0	0.973	0.1621	1	1000	False
epirizole	0.1666	1.0	0.973	0.1621	1	1000	False
cpi-0610	0.1666	1.0	0.973	0.1621	1	1000	False
clomipramine	0.1666	1.0	0.973	0.1621	1	1000	False
lidocaine	0.1666	1.0	0.973	0.1621	1	1000	False
nicotinamide riboside	0.1666	1.0	0.973	0.1621	1	1000	False
nitroflurbiprofen	0.1666	1.0	0.973	0.1621	1	1000	False
fludroxycortide	0.1666	1.0	0.973	0.1621	1	1000	False
cilazapril monohydrate	0.1666	1.0	0.973	0.1621	1	1000	False
carteolol hydrochloride	0.1666	1.0	0.973	0.1621	1	1000	False
delanzomib	0.1666	1.0	0.973	0.1621	1	1000	False
farnesyl-thiosalicylic-acid-amide	0.1666	1.0	0.973	0.1621	1	1000	False
mdl-11939	0.1666	1.0	0.973	0.1621	1	1000	False
ibuprofen-piconol	0.1666	1.0	0.973	0.1621	1	1000	False
danirixin	0.1666	1.0	0.973	0.1621	1	1000	False
way-200070	0.1666	1.0	0.973	0.1621	1	1000	False
olodanrigan	0.1666	1.0	0.973	0.1621	1	1000	False
linsitinib	0.1666	1.0	0.973	0.1621	1	1000	False
ici-118,551	0.1666	1.0	0.973	0.1621	1	1000	False
nadolol	0.1666	1.0	0.973	0.1621	1	1000	False
lypressin	0.1666	1.0	0.973	0.1621	1	1000	False
estriol	0.1666	1.0	0.973	0.1621	1	1000	False
hydrocortisone-valerate	0.1666	1.0	0.973	0.1621	1	1000	False
napabucasin	0.1666	1.0	0.973	0.1621	1	1000	False
kbg	0.1666	1.0	0.973	0.1621	1	1000	False
minocycline	0.1666	1.0	0.973	0.1621	1	1000	False
estradiol-cypionate	0.1666	1.0	0.973	0.1621	1	1000	False
hexoprenaline	0.1666	1.0	0.973	0.1621	1	1000	False
vx-745	0.1666	1.0	0.973	0.1621	1	1000	False
ly364947	0.1666	1.0	0.973	0.1621	1	1000	False
way-255348	0.1666	1.0	0.973	0.1621	1	1000	False
midodrine	0.1666	1.0	0.973	0.1621	1	1000	False
e-2012	0.1666	1.0	0.973	0.1621	1	1000	False
hc-067047	0.1666	1.0	0.973	0.1621	1	1000	False
pf-04217903	0.1666	1.0	0.973	0.1621	1	1000	False
msc2360844	0.1666	1.0	0.973	0.1621	1	1000	False
ve-822	0.1666	1.0	0.973	0.1621	1	1000	False
bfh772	0.1666	1.0	0.973	0.1621	1	1000	False
telratolimod	0.1666	1.0	0.973	0.1621	1	1000	False
ro-90-7501	0.1666	1.0	0.973	0.1621	1	1000	False
5-fluoropyrimidine	0.1666	1.0	0.973	0.1621	1	1000	False
bendazac	0.1666	1.0	0.973	0.1621	1	1000	False
propagermanium	0.1666	1.0	0.973	0.1621	1	1000	False
as-252424	0.1666	1.0	0.973	0.1621	1	1000	False
sp-141	0.1666	1.0	0.973	0.1621	1	1000	False
am-24	0.1666	1.0	0.973	0.1621	1	1000	False
tyrphostin-ag-494	0.1666	1.0	0.973	0.1621	1	1000	False
trandolapril	0.1666	1.0	0.973	0.1621	1	1000	False
tefinostat	0.1666	1.0	0.973	0.1621	1	1000	False
sodium stibogluconate	0.1666	1.0	0.973	0.1621	1	1000	False
ritodrine	0.1666	1.0	0.973	0.1621	1	1000	False
trometamol	0.1666	1.0	0.973	0.1621	1	1000	False
rauwolscine	0.1666	1.0	0.973	0.1621	1	1000	False
acetyl-farnesyl-cysteine	0.1666	1.0	0.973	0.1621	1	1000	False
simvastatin	0.1666	1.0	0.973	0.1621	1	1000	False
tapinarof	0.1666	1.0	0.973	0.1621	1	1000	False
amg-487	0.1666	1.0	0.973	0.1621	1	1000	False
sirtinol	0.1666	1.0	0.973	0.1621	1	1000	False
triamcinolone	0.1666	1.0	0.973	0.1621	1	1000	False
azd5363	0.1666	1.0	0.973	0.1621	1	1000	False
3-indolebutyric-acid	0.1666	1.0	0.973	0.1621	1	1000	False
salmeterol	0.1666	1.0	0.973	0.1621	1	1000	False
azd-7648	0.1666	1.0	0.973	0.1621	1	1000	False
st-2825	0.1666	1.0	0.973	0.1621	1	1000	False
arctigenin	0.1666	1.0	0.973	0.1621	1	1000	False
rx-821002	0.1666	1.0	0.973	0.1621	1	1000	False
s55746	0.1666	1.0	0.973	0.1621	1	1000	False
unc0737	0.1666	1.0	0.973	0.1621	1	1000	False
timolol	0.1666	1.0	0.973	0.1621	1	1000	False
tenoxicam	0.1666	1.0	0.973	0.1621	1	1000	False
terguride	0.1666	1.0	0.973	0.1621	1	1000	False
s-111	0.1666	1.0	0.973	0.1621	1	1000	False
azm-475271	0.1697	1.0	0.972	0.165	1	1000	False
avoralstat	0.1697	1.0	0.972	0.165	1	1000	False
betamethasone-dipropionate	0.1697	1.0	0.972	0.165	1	1000	False
nsc-405020	0.1697	1.0	0.972	0.165	1	1000	False
desoximetasone	0.1697	1.0	0.972	0.165	1	1000	False
rita	0.1697	1.0	0.972	0.165	1	1000	False
dbeq	0.1697	1.0	0.972	0.165	1	1000	False
rs-127445	0.1697	1.0	0.972	0.165	1	1000	False
imrecoxib	0.1697	1.0	0.972	0.165	1	1000	False
metharbital	0.1697	1.0	0.972	0.165	1	1000	False
badge	0.1697	1.0	0.972	0.165	1	1000	False
terameprocol	0.1697	1.0	0.972	0.165	1	1000	False
auranofin	0.1697	1.0	0.972	0.165	1	1000	False
cysteamine	0.1697	1.0	0.972	0.165	1	1000	False
cytochalasin-b	0.1697	1.0	0.972	0.165	1	1000	False
evans-blue	0.1697	1.0	0.972	0.165	1	1000	False
cinpa-1	0.1697	1.0	0.972	0.165	1	1000	False
siramesine	0.1697	1.0	0.972	0.165	1	1000	False
inc-280	0.1697	1.0	0.972	0.165	1	1000	False
flumethasone	0.1697	1.0	0.972	0.165	1	1000	False
cmpd-1	0.1697	1.0	0.972	0.165	1	1000	False
tirabrutinib	0.1697	1.0	0.972	0.165	1	1000	False
neomycin	0.1697	1.0	0.972	0.165	1	1000	False
ferb-033	0.1697	1.0	0.972	0.165	1	1000	False
neuropathiazol	0.1697	1.0	0.972	0.165	1	1000	False
fg-2216	0.1697	1.0	0.972	0.165	1	1000	False
tacedinaline	0.1697	1.0	0.972	0.165	1	1000	False
naproxen	0.1697	1.0	0.972	0.165	1	1000	False
cpi-1205	0.1697	1.0	0.972	0.165	1	1000	False
alantolactone	0.1697	1.0	0.972	0.165	1	1000	False
ng-nitro-arginine	0.1697	1.0	0.972	0.165	1	1000	False
azd5069	0.1697	1.0	0.972	0.165	1	1000	False
fendiline	0.1697	1.0	0.972	0.165	1	1000	False
adapalene	0.1697	1.0	0.972	0.165	1	1000	False
metitepine	0.1697	1.0	0.972	0.165	1	1000	False
nitroxoline	0.1697	1.0	0.972	0.165	1	1000	False
indoramin	0.1697	1.0	0.972	0.165	1	1000	False
rutaecarpine	0.1697	1.0	0.972	0.165	1	1000	False
nlg919	0.1697	1.0	0.972	0.165	1	1000	False
savolitinib	0.1697	1.0	0.972	0.165	1	1000	False
azd3759	0.1697	1.0	0.972	0.165	1	1000	False
beta-amyloid-synthesis-inhibitor	0.1697	1.0	0.972	0.165	1	1000	False
deracoxib	0.1697	1.0	0.972	0.165	1	1000	False
n-acetyl-d-glucosamine	0.1697	1.0	0.972	0.165	1	1000	False
cnx-774	0.1697	1.0	0.972	0.165	1	1000	False
amcinonide	0.1697	1.0	0.972	0.165	1	1000	False
ro-5126766	0.1697	1.0	0.972	0.165	1	1000	False
loteprednol	0.1697	1.0	0.972	0.165	1	1000	False
ki-8751	0.1697	1.0	0.972	0.165	1	1000	False
paracetamol	0.1697	1.0	0.972	0.165	1	1000	False
parsaclisib	0.1697	1.0	0.972	0.165	1	1000	False
ursolic-acid	0.1697	1.0	0.972	0.165	1	1000	False
cdk1-5-inhibitor	0.1697	1.0	0.972	0.165	1	1000	False
medetomidine	0.1697	1.0	0.972	0.165	1	1000	False
propranolol hydrochloride	0.1697	1.0	0.972	0.165	1	1000	False
eletriptan	0.1697	1.0	0.972	0.165	1	1000	False
h-ile-pro-pro-oh (hydrochloride)	0.1697	1.0	0.972	0.165	1	1000	False
1-naphthyl-pp1	0.1697	1.0	0.972	0.165	1	1000	False
promazine	0.1697	1.0	0.972	0.165	1	1000	False
9-ing-41	0.1697	1.0	0.972	0.165	1	1000	False
pd1-pdl-inhibitor-1	0.1697	1.0	0.972	0.165	1	1000	False
ochromycinone	0.1697	1.0	0.972	0.165	1	1000	False
5-carboxamidotryptamine	0.1697	1.0	0.972	0.165	1	1000	False
ampiroxicam	0.1697	1.0	0.972	0.165	1	1000	False
halobetasol-propionate	0.1697	1.0	0.972	0.165	1	1000	False
maduramicin acid	0.1697	1.0	0.972	0.165	1	1000	False
emd-1214063	0.1697	1.0	0.972	0.165	1	1000	False
proglumetacin	0.1697	1.0	0.972	0.165	1	1000	False
procaterol	0.1697	1.0	0.972	0.165	1	1000	False
glucosamine	0.1697	1.0	0.972	0.165	1	1000	False
2,3-dcpe	0.1697	1.0	0.972	0.165	1	1000	False
2,4-dinitrophenol	0.1697	1.0	0.972	0.165	1	1000	False
pj-34	0.1697	1.0	0.972	0.165	1	1000	False
arcyriaflavin-a	0.1697	1.0	0.972	0.165	1	1000	False
mefenamic-acid	0.1697	1.0	0.972	0.165	1	1000	False
hydrocortisone-butyrate	0.1697	1.0	0.972	0.165	1	1000	False
butofilolol	0.1697	1.0	0.972	0.165	1	1000	False
formoterol	0.1697	1.0	0.972	0.165	1	1000	False
icatibant-acetate	0.1697	1.0	0.972	0.165	1	1000	False
ataluren	0.1697	1.0	0.972	0.165	1	1000	False
bimosiamose	0.1697	1.0	0.972	0.165	1	1000	False
fosinoprilat	0.1697	1.0	0.972	0.165	1	1000	False
gdc-0077	0.1697	1.0	0.972	0.165	1	1000	False
l-name	0.1697	1.0	0.972	0.165	1	1000	False
gr-127935	0.1697	1.0	0.972	0.165	1	1000	False
a-839977	0.1697	1.0	0.972	0.165	1	1000	False
amlexanox	0.1697	1.0	0.972	0.165	1	1000	False
mepazine	0.1697	1.0	0.972	0.165	1	1000	False
vicriviroc	0.1697	1.0	0.972	0.165	1	1000	False
gsk3326595	0.1697	1.0	0.972	0.165	1	1000	False
lixivaptan	0.1697	1.0	0.972	0.165	1	1000	False
hydroxyprogesterone-acetate	0.1697	1.0	0.972	0.165	1	1000	False
prednisolone tebutate	0.1697	1.0	0.972	0.165	1	1000	False
sar-245409	0.1728	1.0	0.971	0.1678	1	1000	False
srt1720	0.1728	1.0	0.971	0.1678	1	1000	False
laflunimus	0.1728	1.0	0.971	0.1678	1	1000	False
mk-2206	0.1728	1.0	0.971	0.1678	1	1000	False
mk-0812	0.1728	1.0	0.971	0.1678	1	1000	False
lxh254	0.1728	1.0	0.971	0.1678	1	1000	False
su3327	0.1728	1.0	0.971	0.1678	1	1000	False
amyloid p-in-1	0.1728	1.0	0.971	0.1678	1	1000	False
egf816	0.1728	1.0	0.971	0.1678	1	1000	False
api-1	0.1728	1.0	0.971	0.1678	1	1000	False
tak-220	0.1728	1.0	0.971	0.1678	1	1000	False
tavilermide	0.1728	1.0	0.971	0.1678	1	1000	False
eltanexor	0.1728	1.0	0.971	0.1678	1	1000	False
metacresol	0.1728	1.0	0.971	0.1678	1	1000	False
y-11	0.1728	1.0	0.971	0.1678	1	1000	False
digoxin	0.1728	1.0	0.971	0.1678	1	1000	False
amg-510	0.1728	1.0	0.971	0.1678	1	1000	False
tc-s-7003	0.1728	1.0	0.971	0.1678	1	1000	False
silodosin	0.1728	1.0	0.971	0.1678	1	1000	False
amfenac	0.1728	1.0	0.971	0.1678	1	1000	False
erythromycin-ethylsuccinate	0.1728	1.0	0.971	0.1678	1	1000	False
skf-86002	0.1728	1.0	0.971	0.1678	1	1000	False
dinoprostone	0.1728	1.0	0.971	0.1678	1	1000	False
sng-1153	0.1728	1.0	0.971	0.1678	1	1000	False
sodium-dodecyl-sulfate	0.1728	1.0	0.971	0.1678	1	1000	False
endoxifen	0.1728	1.0	0.971	0.1678	1	1000	False
az-10417808	0.1728	1.0	0.971	0.1678	1	1000	False
larazotide-acetate	0.1728	1.0	0.971	0.1678	1	1000	False
azapropazone	0.1728	1.0	0.971	0.1678	1	1000	False
spirapril	0.1728	1.0	0.971	0.1678	1	1000	False
sc-236	0.1728	1.0	0.971	0.1678	1	1000	False
metoprolol	0.1728	1.0	0.971	0.1678	1	1000	False
arv-825	0.1728	1.0	0.971	0.1678	1	1000	False
dr-2313	0.1728	1.0	0.971	0.1678	1	1000	False
elubrixin	0.1728	1.0	0.971	0.1678	1	1000	False
alprenolol	0.1728	1.0	0.971	0.1678	1	1000	False
sr-3677	0.1728	1.0	0.971	0.1678	1	1000	False
mcpp	0.1728	1.0	0.971	0.1678	1	1000	False
gsk1904529a	0.1728	1.0	0.971	0.1678	1	1000	False
safingol	0.1728	1.0	0.971	0.1678	1	1000	False
tyroserleutide	0.1728	1.0	0.971	0.1678	1	1000	False
hydroxyprogesterone	0.1728	1.0	0.971	0.1678	1	1000	False
oxaprozin	0.1728	1.0	0.971	0.1678	1	1000	False
cgp-12177	0.1728	1.0	0.971	0.1678	1	1000	False
cgp-52411	0.1728	1.0	0.971	0.1678	1	1000	False
raf709	0.1728	1.0	0.971	0.1678	1	1000	False
ganetespib	0.1728	1.0	0.971	0.1678	1	1000	False
w-54011	0.1728	1.0	0.971	0.1678	1	1000	False
resatorvid	0.1728	1.0	0.971	0.1678	1	1000	False
wz8040	0.1728	1.0	0.971	0.1678	1	1000	False
rg7112	0.1728	1.0	0.971	0.1678	1	1000	False
alminoprofen	0.1728	1.0	0.971	0.1678	1	1000	False
rheochrysidin	0.1728	1.0	0.971	0.1678	1	1000	False
ilorasertib	0.1728	1.0	0.971	0.1678	1	1000	False
triciribine	0.1728	1.0	0.971	0.1678	1	1000	False
clenbuterol	0.1728	1.0	0.971	0.1678	1	1000	False
prx-08066	0.1728	1.0	0.971	0.1678	1	1000	False
gdc-0810	0.1728	1.0	0.971	0.1678	1	1000	False
pimecrolimus	0.1728	1.0	0.971	0.1678	1	1000	False
phikan-083	0.1728	1.0	0.971	0.1678	1	1000	False
vedaprofen	0.1728	1.0	0.971	0.1678	1	1000	False
gsk429286a	0.1728	1.0	0.971	0.1678	1	1000	False
phenylbutazone	0.1728	1.0	0.971	0.1678	1	1000	False
byk-204165	0.1728	1.0	0.971	0.1678	1	1000	False
honokiol	0.1728	1.0	0.971	0.1678	1	1000	False
bromfenac	0.1728	1.0	0.971	0.1678	1	1000	False
polydatin	0.1728	1.0	0.971	0.1678	1	1000	False
pha-848125	0.1728	1.0	0.971	0.1678	1	1000	False
camptothecin	0.1728	1.0	0.971	0.1678	1	1000	False
pregnenolone	0.1728	1.0	0.971	0.1678	1	1000	False
bms-935177	0.1728	1.0	0.971	0.1678	1	1000	False
tyrphostin-ag-825	0.1728	1.0	0.971	0.1678	1	1000	False
gsk9027	0.1728	1.0	0.971	0.1678	1	1000	False
clenbuterol hydrochloride	0.1728	1.0	0.971	0.1678	1	1000	False
ropinirole	0.1728	1.0	0.971	0.1678	1	1000	False
kartogenin	0.1728	1.0	0.971	0.1678	1	1000	False
coenzyme-i	0.1728	1.0	0.971	0.1678	1	1000	False
iox2	0.1728	1.0	0.971	0.1678	1	1000	False
norelgestromin	0.1728	1.0	0.971	0.1678	1	1000	False
agomelatine	0.1728	1.0	0.971	0.1678	1	1000	False
ver-49009	0.1728	1.0	0.971	0.1678	1	1000	False
norethindrone acetate	0.1728	1.0	0.971	0.1678	1	1000	False
exenatide	0.1728	1.0	0.971	0.1678	1	1000	False
belvarafenib	0.1728	1.0	0.971	0.1678	1	1000	False
mozavaptan	0.1728	1.0	0.971	0.1678	1	1000	False
ex-527	0.1728	1.0	0.971	0.1678	1	1000	False
inca-6	0.1728	1.0	0.971	0.1678	1	1000	False
s49076	0.1728	1.0	0.971	0.1678	1	1000	False
nsc-95397	0.1728	1.0	0.971	0.1678	1	1000	False
mometasone-furoate	0.1728	1.0	0.971	0.1678	1	1000	False
clomifene	0.1728	1.0	0.971	0.1678	1	1000	False
rs-102221	0.1728	1.0	0.971	0.1678	1	1000	False
cloprostenol-(+/-)	0.1728	1.0	0.971	0.1678	1	1000	False
florifenine	0.1728	1.0	0.971	0.1678	1	1000	False
unc0638	0.1759	1.0	0.97	0.1706	1	1000	False
ha-966-(r)-(+)	0.1759	1.0	0.97	0.1706	1	1000	False
gentamycin	0.1759	1.0	0.97	0.1706	1	1000	False
unc0224	0.1759	1.0	0.97	0.1706	1	1000	False
gemcabene	0.1759	1.0	0.97	0.1706	1	1000	False
erteberel	0.1759	1.0	0.97	0.1706	1	1000	False
tenovin-1	0.1759	1.0	0.97	0.1706	1	1000	False
gw-501516	0.1759	1.0	0.97	0.1706	1	1000	False
4sc-202	0.1759	1.0	0.97	0.1706	1	1000	False
alflutinib	0.1759	1.0	0.97	0.1706	1	1000	False
elafibranor	0.1759	1.0	0.97	0.1706	1	1000	False
eit-hydrobromide	0.1759	1.0	0.97	0.1706	1	1000	False
ew-7197	0.1759	1.0	0.97	0.1706	1	1000	False
gs-9973	0.1759	1.0	0.97	0.1706	1	1000	False
terbutaline	0.1759	1.0	0.97	0.1706	1	1000	False
temocapril	0.1759	1.0	0.97	0.1706	1	1000	False
tinazoline	0.1759	1.0	0.97	0.1706	1	1000	False
fh-535	0.1759	1.0	0.97	0.1706	1	1000	False
7-nitroindazole	0.1759	1.0	0.97	0.1706	1	1000	False
latanoprost	0.1759	1.0	0.97	0.1706	1	1000	False
amg-232	0.1759	1.0	0.97	0.1706	1	1000	False
imiquimod	0.1759	1.0	0.97	0.1706	1	1000	False
adenosine 5-monophosphate	0.1759	1.0	0.97	0.1706	1	1000	False
imidapril	0.1759	1.0	0.97	0.1706	1	1000	False
amg458	0.1759	1.0	0.97	0.1706	1	1000	False
iem1460	0.1759	1.0	0.97	0.1706	1	1000	False
flurbiprofen-axetil	0.1759	1.0	0.97	0.1706	1	1000	False
flumethasone pivalate	0.1759	1.0	0.97	0.1706	1	1000	False
indole-3-carbinol	0.1759	1.0	0.97	0.1706	1	1000	False
tak-875	0.1759	1.0	0.97	0.1706	1	1000	False
acumapimod	0.1759	1.0	0.97	0.1706	1	1000	False
forskolin	0.1759	1.0	0.97	0.1706	1	1000	False
tramiprosate	0.1759	1.0	0.97	0.1706	1	1000	False
tanshinone-i	0.1759	1.0	0.97	0.1706	1	1000	False
alx-40-4c	0.1759	1.0	0.97	0.1706	1	1000	False
torin-1	0.1759	1.0	0.97	0.1706	1	1000	False
vemurafenib	0.1759	1.0	0.97	0.1706	1	1000	False
tyrphostin-ag-18	0.1759	1.0	0.97	0.1706	1	1000	False
h-val-pro-pro-oh (tfa)	0.1759	1.0	0.97	0.1706	1	1000	False
estrone	0.1759	1.0	0.97	0.1706	1	1000	False
jx-401	0.1759	1.0	0.97	0.1706	1	1000	False
acolbifene	0.1759	1.0	0.97	0.1706	1	1000	False
lfm-a13	0.1759	1.0	0.97	0.1706	1	1000	False
ascomycin	0.1759	1.0	0.97	0.1706	1	1000	False
nexturastat-a	0.1759	1.0	0.97	0.1706	1	1000	False
cct-031374	0.1759	1.0	0.97	0.1706	1	1000	False
protokylol	0.1759	1.0	0.97	0.1706	1	1000	False
parthenolide-(-)	0.1759	1.0	0.97	0.1706	1	1000	False
mrk-560	0.1759	1.0	0.97	0.1706	1	1000	False
pterostilbene	0.1759	1.0	0.97	0.1706	1	1000	False
blz945	0.1759	1.0	0.97	0.1706	1	1000	False
mometasone	0.1759	1.0	0.97	0.1706	1	1000	False
bix-01294	0.1759	1.0	0.97	0.1706	1	1000	False
clobetasol-propionate	0.1759	1.0	0.97	0.1706	1	1000	False
ot-r-antagonist-1	0.1759	1.0	0.97	0.1706	1	1000	False
sacubitril	0.1759	1.0	0.97	0.1706	1	1000	False
avapritinib	0.1759	1.0	0.97	0.1706	1	1000	False
cpi-1189	0.1759	1.0	0.97	0.1706	1	1000	False
nvp-bgj398	0.1759	1.0	0.97	0.1706	1	1000	False
sacubitrilat	0.1759	1.0	0.97	0.1706	1	1000	False
desoxycortone	0.1759	1.0	0.97	0.1706	1	1000	False
mln1117	0.1759	1.0	0.97	0.1706	1	1000	False
org-12962	0.1759	1.0	0.97	0.1706	1	1000	False
betaxolol	0.1759	1.0	0.97	0.1706	1	1000	False
methoxyflurane	0.1759	1.0	0.97	0.1706	1	1000	False
rentiapril	0.1759	1.0	0.97	0.1706	1	1000	False
resiquimod	0.1759	1.0	0.97	0.1706	1	1000	False
bibu-1361	0.1759	1.0	0.97	0.1706	1	1000	False
sanguinarium-chloride	0.1759	1.0	0.97	0.1706	1	1000	False
sc-10	0.1759	1.0	0.97	0.1706	1	1000	False
minaprine	0.1759	1.0	0.97	0.1706	1	1000	False
sb-431542	0.1759	1.0	0.97	0.1706	1	1000	False
odm-203	0.1759	1.0	0.97	0.1706	1	1000	False
rimexolone	0.1759	1.0	0.97	0.1706	1	1000	False
cloranolol	0.1759	1.0	0.97	0.1706	1	1000	False
sinefungin	0.1759	1.0	0.97	0.1706	1	1000	False
sr 202	0.1759	1.0	0.97	0.1706	1	1000	False
ru-24969	0.1759	1.0	0.97	0.1706	1	1000	False
niflumic-acid	0.1759	1.0	0.97	0.1706	1	1000	False
eb-47	0.1759	1.0	0.97	0.1706	1	1000	False
sulindac	0.1759	1.0	0.97	0.1706	1	1000	False
apr-246	0.1759	1.0	0.97	0.1706	1	1000	False
cort-108297	0.1759	1.0	0.97	0.1706	1	1000	False
pq-401	0.1759	1.0	0.97	0.1706	1	1000	False
srt3190	0.1759	1.0	0.97	0.1706	1	1000	False
dup-697	0.1759	1.0	0.97	0.1706	1	1000	False
arotinolol	0.1759	1.0	0.97	0.1706	1	1000	False
pentoxifylline	0.1759	1.0	0.97	0.1706	1	1000	False
myricitrin	0.1759	1.0	0.97	0.1706	1	1000	False
pha-767491	0.1759	1.0	0.97	0.1706	1	1000	False
cimaterol	0.1759	1.0	0.97	0.1706	1	1000	False
pf-06840003	0.1759	1.0	0.97	0.1706	1	1000	False
pf-06651600	0.1759	1.0	0.97	0.1706	1	1000	False
carprofen	0.1759	1.0	0.97	0.1706	1	1000	False
bay1125976	0.1759	1.0	0.97	0.1706	1	1000	False
bupranolol	0.1759	1.0	0.97	0.1706	1	1000	False
diminazene-aceturate	0.1759	1.0	0.97	0.1706	1	1000	False
bms-986142	0.1759	1.0	0.97	0.1706	1	1000	False
cardionogen-1	0.1759	1.0	0.97	0.1706	1	1000	False
pf-02413873	0.1759	1.0	0.97	0.1706	1	1000	False
sx-011	0.1789	1.0	0.969	0.1733	1	1000	False
ro-08-2750	0.1789	1.0	0.969	0.1733	1	1000	False
benzquinamide	0.1789	1.0	0.969	0.1733	1	1000	False
betaxolol hydrochloride	0.1789	1.0	0.969	0.1733	1	1000	False
clorprenaline	0.1789	1.0	0.969	0.1733	1	1000	False
fluocinonide	0.1789	1.0	0.969	0.1733	1	1000	False
florbetapir	0.1789	1.0	0.969	0.1733	1	1000	False
norethindrone-acetate	0.1789	1.0	0.969	0.1733	1	1000	False
nomegestrol-acetate	0.1789	1.0	0.969	0.1733	1	1000	False
cortisone	0.1789	1.0	0.969	0.1733	1	1000	False
np-g2-044	0.1789	1.0	0.969	0.1733	1	1000	False
t-5224	0.1789	1.0	0.969	0.1733	1	1000	False
oclacitinib	0.1789	1.0	0.969	0.1733	1	1000	False
buphenine	0.1789	1.0	0.969	0.1733	1	1000	False
gsk2193874	0.1789	1.0	0.969	0.1733	1	1000	False
budesonide	0.1789	1.0	0.969	0.1733	1	1000	True
pirbuterol	0.1789	1.0	0.969	0.1733	1	1000	False
gsk503	0.1789	1.0	0.969	0.1733	1	1000	False
gsk-j1	0.1789	1.0	0.969	0.1733	1	1000	False
c646	0.1789	1.0	0.969	0.1733	1	1000	False
prednicarbate	0.1789	1.0	0.969	0.1733	1	1000	False
prednisolone sodium phosphate	0.1789	1.0	0.969	0.1733	1	1000	False
pf-06463922	0.1789	1.0	0.969	0.1733	1	1000	False
primidone	0.1789	1.0	0.969	0.1733	1	1000	False
halobetasol propionate	0.1789	1.0	0.969	0.1733	1	1000	False
rg-7112	0.1789	1.0	0.969	0.1733	1	1000	False
carteolol	0.1789	1.0	0.969	0.1733	1	1000	False
pd-123319	0.1789	1.0	0.969	0.1733	1	1000	False
hydrocortisone	0.1789	1.0	0.969	0.1733	1	1000	False
wz811	0.1789	1.0	0.969	0.1733	1	1000	False
hydroxychloroquine sulfate	0.1789	1.0	0.969	0.1733	1	1000	False
hyperin	0.1789	1.0	0.969	0.1733	1	1000	False
fulvestrant	0.1789	1.0	0.969	0.1733	1	1000	False
i-bet-762	0.1789	1.0	0.969	0.1733	1	1000	False
tulobuterol	0.1789	1.0	0.969	0.1733	1	1000	False
tucatinib	0.1789	1.0	0.969	0.1733	1	1000	False
opc-21268	0.1789	1.0	0.969	0.1733	1	1000	False
triflupromazine	0.1789	1.0	0.969	0.1733	1	1000	False
bgp-15	0.1789	1.0	0.969	0.1733	1	1000	False
vx-11e	0.1789	1.0	0.969	0.1733	1	1000	False
birt-377	0.1789	1.0	0.969	0.1733	1	1000	False
itraconazole	0.1789	1.0	0.969	0.1733	1	1000	False
amg-208	0.1789	1.0	0.969	0.1733	1	1000	False
methyl-aminolevulinate	0.1789	1.0	0.969	0.1733	1	1000	False
laropiprant	0.1789	1.0	0.969	0.1733	1	1000	False
sevoflurane	0.1789	1.0	0.969	0.1733	1	1000	False
deucravacitinib	0.1789	1.0	0.969	0.1733	1	1000	False
erlotinib	0.1789	1.0	0.969	0.1733	1	1000	False
netarsudil	0.1789	1.0	0.969	0.1733	1	1000	False
ldn-212854	0.1789	1.0	0.969	0.1733	1	1000	False
metformin	0.1789	1.0	0.969	0.1733	1	1000	False
tcs-21311	0.1789	1.0	0.969	0.1733	1	1000	False
epz005687	0.1789	1.0	0.969	0.1733	1	1000	False
amg-337	0.1789	1.0	0.969	0.1733	1	1000	False
metaproterenol	0.1789	1.0	0.969	0.1733	1	1000	False
levobunolol	0.1789	1.0	0.969	0.1733	1	1000	False
tc-ot-39	0.1789	1.0	0.969	0.1733	1	1000	False
tazemetostat	0.1789	1.0	0.969	0.1733	1	1000	False
licofelone	0.1789	1.0	0.969	0.1733	1	1000	False
vilanterol	0.1789	1.0	0.969	0.1733	1	1000	False
edonerpic-maleate	0.1789	1.0	0.969	0.1733	1	1000	False
ta-01	0.1789	1.0	0.969	0.1733	1	1000	False
lumiracoxib	0.1789	1.0	0.969	0.1733	1	1000	False
anisodamine	0.1789	1.0	0.969	0.1733	1	1000	False
tafluprost	0.1789	1.0	0.969	0.1733	1	1000	False
ly266097	0.1789	1.0	0.969	0.1733	1	1000	False
methysergide	0.1789	1.0	0.969	0.1733	1	1000	False
ly3023414	0.1789	1.0	0.969	0.1733	1	1000	False
dpi-201106	0.1789	1.0	0.969	0.1733	1	1000	False
tak-632	0.1789	1.0	0.969	0.1733	1	1000	False
tak-659	0.1789	1.0	0.969	0.1733	1	1000	False
splitomycin	0.1789	1.0	0.969	0.1733	1	1000	False
talazoparib	0.1789	1.0	0.969	0.1733	1	1000	False
wp1066	0.1789	1.0	0.969	0.1733	1	1000	False
su16f	0.1789	1.0	0.969	0.1733	1	1000	False
altrenogest	0.1789	1.0	0.969	0.1733	1	1000	False
pimitespib	0.1789	1.0	0.969	0.1733	1	1000	False
naftopidil	0.1789	1.0	0.969	0.1733	1	1000	False
krca-0008	0.1789	1.0	0.969	0.1733	1	1000	False
bay-11-7085	0.1789	1.0	0.969	0.1733	1	1000	False
nan-190	0.1789	1.0	0.969	0.1733	1	1000	False
sar125844	0.1789	1.0	0.969	0.1733	1	1000	False
lanifibranor	0.1789	1.0	0.969	0.1733	1	1000	False
dabrafenib	0.1789	1.0	0.969	0.1733	1	1000	False
rwj-50271	0.1789	1.0	0.969	0.1733	1	1000	False
jak3-inhibitor-v	0.1789	1.0	0.969	0.1733	1	1000	False
ketorolac tromethamine	0.1789	1.0	0.969	0.1733	1	1000	False
mitotane	0.1789	1.0	0.969	0.1733	1	1000	False
cyc116	0.1789	1.0	0.969	0.1733	1	1000	False
ketorolac	0.1789	1.0	0.969	0.1733	1	1000	False
exherin	0.1789	1.0	0.969	0.1733	1	1000	False
daminozide	0.1789	1.0	0.969	0.1733	1	1000	False
norethindrone	0.1818	1.0	0.968	0.176	1	1000	False
sr-1078	0.1818	1.0	0.968	0.176	1	1000	False
indacaterol	0.1818	1.0	0.968	0.176	1	1000	False
unc1999	0.1818	1.0	0.968	0.176	1	1000	False
upadacitinib	0.1818	1.0	0.968	0.176	1	1000	False
s-isopropylisothiourea	0.1818	1.0	0.968	0.176	1	1000	False
tiaramide	0.1818	1.0	0.968	0.176	1	1000	False
trazodone	0.1818	1.0	0.968	0.176	1	1000	False
jnj-7706621	0.1818	1.0	0.968	0.176	1	1000	False
tolamolol	0.1818	1.0	0.968	0.176	1	1000	False
plx51107	0.1818	1.0	0.968	0.176	1	1000	False
phentolamine	0.1818	1.0	0.968	0.176	1	1000	False
phenylbutyrate	0.1818	1.0	0.968	0.176	1	1000	False
tirofiban	0.1818	1.0	0.968	0.176	1	1000	False
gsk2982772	0.1818	1.0	0.968	0.176	1	1000	False
niclosamide	0.1818	1.0	0.968	0.176	1	1000	False
pioglitazone hydrochloride	0.1818	1.0	0.968	0.176	1	1000	False
vasopressin	0.1818	1.0	0.968	0.176	1	1000	False
tirbanibulin	0.1818	1.0	0.968	0.176	1	1000	False
nbi-74330-(+/-)	0.1818	1.0	0.968	0.176	1	1000	False
msx-122	0.1818	1.0	0.968	0.176	1	1000	False
meprednisone	0.1818	1.0	0.968	0.176	1	1000	False
tc-e-5006	0.1818	1.0	0.968	0.176	1	1000	False
siremadlin	0.1818	1.0	0.968	0.176	1	1000	False
rg4733	0.1818	1.0	0.968	0.176	1	1000	False
sasapyrine	0.1818	1.0	0.968	0.176	1	1000	False
methylergometrine	0.1818	1.0	0.968	0.176	1	1000	False
repsox	0.1818	1.0	0.968	0.176	1	1000	False
ibuprofen-(s)	0.1818	1.0	0.968	0.176	1	1000	False
serdemetan	0.1818	1.0	0.968	0.176	1	1000	False
ido1-in-5	0.1818	1.0	0.968	0.176	1	1000	False
tc-s-7006	0.1818	1.0	0.968	0.176	1	1000	False
tryptophan	0.1818	1.0	0.968	0.176	1	1000	False
lasofoxifene	0.1818	1.0	0.968	0.176	1	1000	False
nvp-bsk805	0.1818	1.0	0.968	0.176	1	1000	False
tranexamic-acid	0.1818	1.0	0.968	0.176	1	1000	False
mesulergine	0.1818	1.0	0.968	0.176	1	1000	False
ri-1	0.1818	1.0	0.968	0.176	1	1000	False
oxytocin	0.1818	1.0	0.968	0.176	1	1000	False
quinine	0.1818	1.0	0.968	0.176	1	1000	False
levalbuterol	0.1818	1.0	0.968	0.176	1	1000	False
ntzdpa	0.1818	1.0	0.968	0.176	1	1000	False
palmitoleic-acid	0.1818	1.0	0.968	0.176	1	1000	False
metergoline	0.1818	1.0	0.968	0.176	1	1000	False
terpinen-4-ol	0.1818	1.0	0.968	0.176	1	1000	False
levobetaxolol	0.1818	1.0	0.968	0.176	1	1000	False
pci-29732	0.1818	1.0	0.968	0.176	1	1000	False
pd-184352	0.1818	1.0	0.968	0.176	1	1000	False
mirabegron	0.1818	1.0	0.968	0.176	1	1000	False
pexmetinib	0.1818	1.0	0.968	0.176	1	1000	False
shp099	0.1818	1.0	0.968	0.176	1	1000	False
itx5061	0.1818	1.0	0.968	0.176	1	1000	False
isoflupredone-acetate	0.1818	1.0	0.968	0.176	1	1000	False
cay10505	0.1818	1.0	0.968	0.176	1	1000	False
bardoxolone	0.1818	1.0	0.968	0.176	1	1000	False
bcx-1470	0.1818	1.0	0.968	0.176	1	1000	False
bet-bay-002	0.1818	1.0	0.968	0.176	1	1000	False
betp	0.1818	1.0	0.968	0.176	1	1000	False
bi-2536	0.1818	1.0	0.968	0.176	1	1000	False
bms-986195	0.1818	1.0	0.968	0.176	1	1000	False
zandelisib	0.1818	1.0	0.968	0.176	1	1000	False
gambogic-acid	0.1818	1.0	0.968	0.176	1	1000	False
carmoterol	0.1818	1.0	0.968	0.176	1	1000	False
gabapentin	0.1818	1.0	0.968	0.176	1	1000	False
cb-103	0.1818	1.0	0.968	0.176	1	1000	False
cdk9-in-6	0.1818	1.0	0.968	0.176	1	1000	False
ym-976	0.1818	1.0	0.968	0.176	1	1000	False
geldanamycin	0.1818	1.0	0.968	0.176	1	1000	False
cgp-60474	0.1818	1.0	0.968	0.176	1	1000	False
clonidine	0.1818	1.0	0.968	0.176	1	1000	False
cnx-2006	0.1818	1.0	0.968	0.176	1	1000	False
coti-2	0.1818	1.0	0.968	0.176	1	1000	False
cridanimod	0.1818	1.0	0.968	0.176	1	1000	False
dapansutrile	0.1818	1.0	0.968	0.176	1	1000	False
dehydroepiandrosterone	0.1818	1.0	0.968	0.176	1	1000	False
dehydroepiandrosterone-sulfate	0.1818	1.0	0.968	0.176	1	1000	False
desonide	0.1818	1.0	0.968	0.176	1	1000	False
diflunisal	0.1818	1.0	0.968	0.176	1	1000	False
fluoxetine	0.1818	1.0	0.968	0.176	1	1000	False
evobrutinib	0.1818	1.0	0.968	0.176	1	1000	False
fk-3311	0.1818	1.0	0.968	0.176	1	1000	False
flumatinib	0.1818	1.0	0.968	0.176	1	1000	False
cgp-74514	0.1818	1.0	0.968	0.176	1	1000	False
bambuterol	0.1818	1.0	0.968	0.176	1	1000	False
flufenamic-acid	0.1818	1.0	0.968	0.176	1	1000	False
aloxistatin	0.1818	1.0	0.968	0.176	1	1000	False
as-1949490	0.1818	1.0	0.968	0.176	1	1000	False
4-methylgenistein	0.1818	1.0	0.968	0.176	1	1000	False
amtolmetin-guacil	0.1818	1.0	0.968	0.176	1	1000	False
zofenopril-calcium	0.1818	1.0	0.968	0.176	1	1000	False
zm-323881	0.1818	1.0	0.968	0.176	1	1000	False
as-2034178	0.1818	1.0	0.968	0.176	1	1000	False
bag-956	0.1818	1.0	0.968	0.176	1	1000	False
azd7594	0.1818	1.0	0.968	0.176	1	1000	False
motolimod	0.1847	1.0	0.967	0.1786	1	1000	False
dabigatran	0.1847	1.0	0.967	0.1786	1	1000	False
tpca-1	0.1847	1.0	0.967	0.1786	1	1000	False
deazaguanine	0.1847	1.0	0.967	0.1786	1	1000	False
medroxyprogesterone	0.1847	1.0	0.967	0.1786	1	1000	False
trapidil	0.1847	1.0	0.967	0.1786	1	1000	False
cxd101	0.1847	1.0	0.967	0.1786	1	1000	False
mw-150	0.1847	1.0	0.967	0.1786	1	1000	False
derazantinib	0.1847	1.0	0.967	0.1786	1	1000	False
acemetacin	0.1847	1.0	0.967	0.1786	1	1000	False
tiprenolol	0.1847	1.0	0.967	0.1786	1	1000	False
difluprednate	0.1847	1.0	0.967	0.1786	1	1000	False
dm4	0.1847	1.0	0.967	0.1786	1	1000	False
adenosine-phosphate	0.1847	1.0	0.967	0.1786	1	1000	False
me0328	0.1847	1.0	0.967	0.1786	1	1000	False
masoprocol	0.1847	1.0	0.967	0.1786	1	1000	False
valdecoxib	0.1847	1.0	0.967	0.1786	1	1000	False
3-amino-benzamide	0.1847	1.0	0.967	0.1786	1	1000	False
fisetin	0.1847	1.0	0.967	0.1786	1	1000	False
fedovapagon	0.1847	1.0	0.967	0.1786	1	1000	False
umbralisib	0.1847	1.0	0.967	0.1786	1	1000	False
k-ras(g12c)-inhibitor-12	0.1847	1.0	0.967	0.1786	1	1000	False
etodolac	0.1847	1.0	0.967	0.1786	1	1000	False
ldn193189	0.1847	1.0	0.967	0.1786	1	1000	False
alclometasone dipropionate	0.1847	1.0	0.967	0.1786	1	1000	False
erbstatin-analog	0.1847	1.0	0.967	0.1786	1	1000	False
ephedrine	0.1847	1.0	0.967	0.1786	1	1000	False
enalaprilat	0.1847	1.0	0.967	0.1786	1	1000	False
loxoprofen	0.1847	1.0	0.967	0.1786	1	1000	False
lupanine	0.1847	1.0	0.967	0.1786	1	1000	False
ly2228820	0.1847	1.0	0.967	0.1786	1	1000	False
dydrogesterone	0.1847	1.0	0.967	0.1786	1	1000	False
ly344864	0.1847	1.0	0.967	0.1786	1	1000	False
ly393558	0.1847	1.0	0.967	0.1786	1	1000	False
epz011989	0.1847	1.0	0.967	0.1786	1	1000	False
cortisone-acetate	0.1847	1.0	0.967	0.1786	1	1000	False
sapropterin	0.1847	1.0	0.967	0.1786	1	1000	False
noretynodrel	0.1847	1.0	0.967	0.1786	1	1000	False
pu-h71	0.1847	1.0	0.967	0.1786	1	1000	False
quinaprilat	0.1847	1.0	0.967	0.1786	1	1000	False
bithionol	0.1847	1.0	0.967	0.1786	1	1000	False
racepinephrine	0.1847	1.0	0.967	0.1786	1	1000	False
biib068	0.1847	1.0	0.967	0.1786	1	1000	False
atorvastatin	0.1847	1.0	0.967	0.1786	1	1000	False
bezafibrate	0.1847	1.0	0.967	0.1786	1	1000	False
asaraldehyde	0.1847	1.0	0.967	0.1786	1	1000	False
atuveciclib	0.1847	1.0	0.967	0.1786	1	1000	False
ribociclib	0.1847	1.0	0.967	0.1786	1	1000	False
betamethasone-acetate	0.1847	1.0	0.967	0.1786	1	1000	False
ro-60-0175	0.1847	1.0	0.967	0.1786	1	1000	False
sb-221284	0.1847	1.0	0.967	0.1786	1	1000	False
sb-200646	0.1847	1.0	0.967	0.1786	1	1000	False
saroglitazar	0.1847	1.0	0.967	0.1786	1	1000	False
salidroside	0.1847	1.0	0.967	0.1786	1	1000	False
sb-297006	0.1847	1.0	0.967	0.1786	1	1000	False
thioridazine	0.1847	1.0	0.967	0.1786	1	1000	False
bmy-7378	0.1847	1.0	0.967	0.1786	1	1000	False
podophyllotoxin	0.1847	1.0	0.967	0.1786	1	1000	False
ck-101	0.1847	1.0	0.967	0.1786	1	1000	False
cisplatin	0.1847	1.0	0.967	0.1786	1	1000	False
ogerin	0.1847	1.0	0.967	0.1786	1	1000	False
amg319	0.1847	1.0	0.967	0.1786	1	1000	False
parecoxib	0.1847	1.0	0.967	0.1786	1	1000	False
aminoglutethimide	0.1847	1.0	0.967	0.1786	1	1000	False
targinine	0.1847	1.0	0.967	0.1786	1	1000	False
briciclib	0.1847	1.0	0.967	0.1786	1	1000	False
cc-401	0.1847	1.0	0.967	0.1786	1	1000	False
perindopril	0.1847	1.0	0.967	0.1786	1	1000	False
sta-5326	0.1847	1.0	0.967	0.1786	1	1000	False
pfi-1	0.1847	1.0	0.967	0.1786	1	1000	False
inosine	0.1847	1.0	0.967	0.1786	1	1000	False
butylidenephthalide	0.1847	1.0	0.967	0.1786	1	1000	False
vp-20629	0.1847	1.0	0.967	0.1786	1	1000	False
brl-15572	0.1847	1.0	0.967	0.1786	1	1000	False
ampa-(s)	0.1847	1.0	0.967	0.1786	1	1000	False
c34	0.1847	1.0	0.967	0.1786	1	1000	False
gsk2110183	0.1847	1.0	0.967	0.1786	1	1000	False
hydrocortisone buteprate	0.1847	1.0	0.967	0.1786	1	1000	False
gr-144053	0.1847	1.0	0.967	0.1786	1	1000	False
fluorometholone	0.1847	1.0	0.967	0.1786	1	1000	False
xiliertinib	0.1847	1.0	0.967	0.1786	1	1000	False
fosfestrol	0.1847	1.0	0.967	0.1786	1	1000	False
furprofen	0.1847	1.0	0.967	0.1786	1	1000	False
gdc-0349	0.1847	1.0	0.967	0.1786	1	1000	False
iloprost	0.1847	1.0	0.967	0.1786	1	1000	False
futibatinib	0.1847	1.0	0.967	0.1786	1	1000	False
gdc-0927	0.1847	1.0	0.967	0.1786	1	1000	False
ido5l	0.1847	1.0	0.967	0.1786	1	1000	False
indirubin	0.1847	1.0	0.967	0.1786	1	1000	False
flurandrenolide	0.1847	1.0	0.967	0.1786	1	1000	False
megestrol	0.1876	1.0	0.966	0.1812	1	1000	False
bay-1251152	0.1876	1.0	0.966	0.1812	1	1000	False
epicatechin-gallate-(-)	0.1876	1.0	0.966	0.1812	1	1000	False
methoxamine	0.1876	1.0	0.966	0.1812	1	1000	False
nifenalol	0.1876	1.0	0.966	0.1812	1	1000	False
haloperidol	0.1876	1.0	0.966	0.1812	1	1000	False
venetoclax	0.1876	1.0	0.966	0.1812	1	1000	False
dienestrol	0.1876	1.0	0.966	0.1812	1	1000	False
rn-1734	0.1876	1.0	0.966	0.1812	1	1000	False
l-citrulline	0.1876	1.0	0.966	0.1812	1	1000	False
rmc-4550	0.1876	1.0	0.966	0.1812	1	1000	False
ag-14361	0.1876	1.0	0.966	0.1812	1	1000	False
cp-724714	0.1876	1.0	0.966	0.1812	1	1000	False
l-arginine	0.1876	1.0	0.966	0.1812	1	1000	False
hexamethylenebisacetamide	0.1876	1.0	0.966	0.1812	1	1000	False
estropipate	0.1876	1.0	0.966	0.1812	1	1000	False
tolmetin	0.1876	1.0	0.966	0.1812	1	1000	False
tretinoin	0.1876	1.0	0.966	0.1812	1	1000	False
voreloxin	0.1876	1.0	0.966	0.1812	1	1000	False
r-268712	0.1876	1.0	0.966	0.1812	1	1000	False
chlorotrianisene	0.1876	1.0	0.966	0.1812	1	1000	False
gsk-j4	0.1876	1.0	0.966	0.1812	1	1000	False
methylprednisolone-aceponate	0.1876	1.0	0.966	0.1812	1	1000	False
nedocromil	0.1876	1.0	0.966	0.1812	1	1000	False
deltarasin	0.1876	1.0	0.966	0.1812	1	1000	False
metoxibutropate	0.1876	1.0	0.966	0.1812	1	1000	False
tegaserod	0.1876	1.0	0.966	0.1812	1	1000	False
ikk-16	0.1876	1.0	0.966	0.1812	1	1000	False
telaprevir	0.1876	1.0	0.966	0.1812	1	1000	False
sotorasib	0.1876	1.0	0.966	0.1812	1	1000	False
ly3200882	0.1876	1.0	0.966	0.1812	1	1000	False
ikk-2-inhibitor-v	0.1876	1.0	0.966	0.1812	1	1000	False
ly3009120	0.1876	1.0	0.966	0.1812	1	1000	False
icrt-14	0.1876	1.0	0.966	0.1812	1	1000	False
sen-1269	0.1876	1.0	0.966	0.1812	1	1000	False
cw-008	0.1876	1.0	0.966	0.1812	1	1000	False
segesterone-acetate	0.1876	1.0	0.966	0.1812	1	1000	False
terazosin hydrochloride	0.1876	1.0	0.966	0.1812	1	1000	False
sr-59230a	0.1876	1.0	0.966	0.1812	1	1000	False
almonertinib	0.1876	1.0	0.966	0.1812	1	1000	False
segesterone	0.1876	1.0	0.966	0.1812	1	1000	False
naquotinib	0.1876	1.0	0.966	0.1812	1	1000	False
azd9496	0.1876	1.0	0.966	0.1812	1	1000	False
sarpogrelate	0.1876	1.0	0.966	0.1812	1	1000	False
chlormadinone-acetate	0.1876	1.0	0.966	0.1812	1	1000	False
thalidomide	0.1876	1.0	0.966	0.1812	1	1000	False
ndt-9513727	0.1876	1.0	0.966	0.1812	1	1000	False
wz-3146	0.1876	1.0	0.966	0.1812	1	1000	False
ha-966-(s)-(-)	0.1876	1.0	0.966	0.1812	1	1000	False
tivantinib	0.1876	1.0	0.966	0.1812	1	1000	False
bq-788	0.1876	1.0	0.966	0.1812	1	1000	False
bms-ccr2-22	0.1876	1.0	0.966	0.1812	1	1000	False
a-366	0.1876	1.0	0.966	0.1812	1	1000	False
penbutolol	0.1876	1.0	0.966	0.1812	1	1000	False
carboxyamidotriazole	0.1876	1.0	0.966	0.1812	1	1000	False
hydroxychloroquine	0.1876	1.0	0.966	0.1812	1	1000	True
zanubrutinib	0.1876	1.0	0.966	0.1812	1	1000	False
petcm	0.1876	1.0	0.966	0.1812	1	1000	False
usl311	0.1876	1.0	0.966	0.1812	1	1000	False
bms-649	0.1876	1.0	0.966	0.1812	1	1000	False
gdc-0834	0.1876	1.0	0.966	0.1812	1	1000	False
bms-986205	0.1876	1.0	0.966	0.1812	1	1000	False
hydrocortisone valerate	0.1876	1.0	0.966	0.1812	1	1000	False
pnu-74654	0.1876	1.0	0.966	0.1812	1	1000	False
hydrocortisone-acetate	0.1876	1.0	0.966	0.1812	1	1000	False
oridonin	0.1876	1.0	0.966	0.1812	1	1000	False
kpt-185	0.1876	1.0	0.966	0.1812	1	1000	False
fentiazac	0.1876	1.0	0.966	0.1812	1	1000	False
trimethoquinol	0.1876	1.0	0.966	0.1812	1	1000	False
wye-125132	0.1876	1.0	0.966	0.1812	1	1000	False
florbetaben	0.1876	1.0	0.966	0.1812	1	1000	False
isoliquiritigenin	0.1876	1.0	0.966	0.1812	1	1000	False
quipazine	0.1876	1.0	0.966	0.1812	1	1000	False
cep-37440	0.1876	1.0	0.966	0.1812	1	1000	False
flunisolide	0.1876	1.0	0.966	0.1812	1	1000	False
edaravone	0.1904	1.0	0.965	0.1838	1	1000	False
hydrocortisone acetate	0.1904	1.0	0.965	0.1838	1	1000	False
carvedilol	0.1904	1.0	0.965	0.1838	1	1000	False
terreic-acid-(-)	0.1904	1.0	0.965	0.1838	1	1000	False
gsk2256098	0.1904	1.0	0.965	0.1838	1	1000	False
e7449	0.1904	1.0	0.965	0.1838	1	1000	False
isoxicam	0.1904	1.0	0.965	0.1838	1	1000	False
eg00229	0.1904	1.0	0.965	0.1838	1	1000	False
cyclophosphamide	0.1904	1.0	0.965	0.1838	1	1000	False
ly2157299	0.1904	1.0	0.965	0.1838	1	1000	False
sklb1002	0.1904	1.0	0.965	0.1838	1	1000	False
fluprednisolone	0.1904	1.0	0.965	0.1838	1	1000	False
sb-243213	0.1904	1.0	0.965	0.1838	1	1000	False
xanomeline	0.1904	1.0	0.965	0.1838	1	1000	False
at13387	0.1904	1.0	0.965	0.1838	1	1000	False
tanaproget	0.1904	1.0	0.965	0.1838	1	1000	False
indobufen	0.1904	1.0	0.965	0.1838	1	1000	False
piboserod	0.1904	1.0	0.965	0.1838	1	1000	False
taxifolin	0.1904	1.0	0.965	0.1838	1	1000	False
diacerein	0.1904	1.0	0.965	0.1838	1	1000	False
desoxymetasone	0.1904	1.0	0.965	0.1838	1	1000	False
amg-487-(+/-)	0.1904	1.0	0.965	0.1838	1	1000	False
y16	0.1904	1.0	0.965	0.1838	1	1000	False
phenoxybenzamine	0.1904	1.0	0.965	0.1838	1	1000	False
doxycycline	0.1904	1.0	0.965	0.1838	1	1000	False
glipizide	0.1904	1.0	0.965	0.1838	1	1000	False
teijin-compound-1	0.1904	1.0	0.965	0.1838	1	1000	False
pf-3274167	0.1904	1.0	0.965	0.1838	1	1000	False
pf-06952229	0.1904	1.0	0.965	0.1838	1	1000	False
mimosine	0.1904	1.0	0.965	0.1838	1	1000	False
broxaterol	0.1904	1.0	0.965	0.1838	1	1000	False
win-64338	0.1904	1.0	0.965	0.1838	1	1000	False
solcitinib	0.1904	1.0	0.965	0.1838	1	1000	False
id-1101	0.1904	1.0	0.965	0.1838	1	1000	False
alpha-linolenic-acid	0.1904	1.0	0.965	0.1838	1	1000	False
piribedil	0.1904	1.0	0.965	0.1838	1	1000	False
melphalan-n-oxide	0.1904	1.0	0.965	0.1838	1	1000	False
yc-1	0.1904	1.0	0.965	0.1838	1	1000	False
bay-87-2243	0.1904	1.0	0.965	0.1838	1	1000	False
bazedoxifene	0.1904	1.0	0.965	0.1838	1	1000	False
leniolisib	0.1904	1.0	0.965	0.1838	1	1000	False
equol	0.1904	1.0	0.965	0.1838	1	1000	False
propafenone hydrochloride	0.1904	1.0	0.965	0.1838	1	1000	False
imipramine	0.1904	1.0	0.965	0.1838	1	1000	False
navoximod	0.1904	1.0	0.965	0.1838	1	1000	False
ru-42173	0.1904	1.0	0.965	0.1838	1	1000	False
proquazone	0.1904	1.0	0.965	0.1838	1	1000	False
latanoprostene bunod	0.1904	1.0	0.965	0.1838	1	1000	False
pyroxamide	0.1904	1.0	0.965	0.1838	1	1000	False
betamethasone-valerate	0.1904	1.0	0.965	0.1838	1	1000	False
triciribine-phosphate	0.1904	1.0	0.965	0.1838	1	1000	False
osimertinib	0.1904	1.0	0.965	0.1838	1	1000	False
osilodrostat	0.1904	1.0	0.965	0.1838	1	1000	False
vx-765	0.1904	1.0	0.965	0.1838	1	1000	False
tno155	0.1904	1.0	0.965	0.1838	1	1000	False
bms-986158	0.1904	1.0	0.965	0.1838	1	1000	False
gedunin	0.1904	1.0	0.965	0.1838	1	1000	False
encorafenib	0.1904	1.0	0.965	0.1838	1	1000	False
levonorgestrel	0.1904	1.0	0.965	0.1838	1	1000	False
tiaprofenic-acid	0.1904	1.0	0.965	0.1838	1	1000	False
linoleic-acid	0.1904	1.0	0.965	0.1838	1	1000	False
jnj-38877605	0.1904	1.0	0.965	0.1838	1	1000	False
y-134	0.1904	1.0	0.965	0.1838	1	1000	False
thiram	0.1904	1.0	0.965	0.1838	1	1000	False
bakuchiol	0.1904	1.0	0.965	0.1838	1	1000	False
jnj-38877618	0.1904	1.0	0.965	0.1838	1	1000	False
prednisolone-hemisuccinate	0.1904	1.0	0.965	0.1838	1	1000	False
azd9668	0.1904	1.0	0.965	0.1838	1	1000	False
bax-channel-blocker	0.1904	1.0	0.965	0.1838	1	1000	False
vlx600	0.1904	1.0	0.965	0.1838	1	1000	False
cpi-169	0.1904	1.0	0.965	0.1838	1	1000	False
bopindolol	0.1904	1.0	0.965	0.1838	1	1000	False
idf-11774	0.1932	1.0	0.964	0.1863	1	1000	False
cis-exo-camphanediol-2,3	0.1932	1.0	0.964	0.1863	1	1000	False
t-0070907	0.1932	1.0	0.964	0.1863	1	1000	False
verdinexor	0.1932	1.0	0.964	0.1863	1	1000	False
cintirorgon	0.1932	1.0	0.964	0.1863	1	1000	False
cid-5458317	0.1932	1.0	0.964	0.1863	1	1000	False
ospemifene	0.1932	1.0	0.964	0.1863	1	1000	False
mestranol	0.1932	1.0	0.964	0.1863	1	1000	False
phenserine	0.1932	1.0	0.964	0.1863	1	1000	False
(r)-(-)-apomorphine	0.1932	1.0	0.964	0.1863	1	1000	False
su14813	0.1932	1.0	0.964	0.1863	1	1000	False
apomorphine hydrochloride	0.1932	1.0	0.964	0.1863	1	1000	False
srt2104	0.1932	1.0	0.964	0.1863	1	1000	False
sivelestat	0.1932	1.0	0.964	0.1863	1	1000	False
nu-1025	0.1932	1.0	0.964	0.1863	1	1000	False
flutemetamol	0.1932	1.0	0.964	0.1863	1	1000	False
pd-158780	0.1932	1.0	0.964	0.1863	1	1000	False
vtp-27999	0.1932	1.0	0.964	0.1863	1	1000	False
t-0901317	0.1932	1.0	0.964	0.1863	1	1000	False
bam7	0.1932	1.0	0.964	0.1863	1	1000	False
deflazacort	0.1932	1.0	0.964	0.1863	1	1000	False
bucladesine	0.1932	1.0	0.964	0.1863	1	1000	False
belizatinib	0.1932	1.0	0.964	0.1863	1	1000	False
deserpidine	0.1932	1.0	0.964	0.1863	1	1000	False
i-bet151	0.1932	1.0	0.964	0.1863	1	1000	False
azd4573	0.1932	1.0	0.964	0.1863	1	1000	False
pik-93	0.1932	1.0	0.964	0.1863	1	1000	False
camkii-in-1	0.1932	1.0	0.964	0.1863	1	1000	False
metoprolol tartrate	0.1932	1.0	0.964	0.1863	1	1000	False
delapril	0.1932	1.0	0.964	0.1863	1	1000	False
noscapine	0.1932	1.0	0.964	0.1863	1	1000	False
pifithrin-cyclic	0.1932	1.0	0.964	0.1863	1	1000	False
azd3264	0.1932	1.0	0.964	0.1863	1	1000	False
chidamide	0.1932	1.0	0.964	0.1863	1	1000	False
1,2,3,4,5,6-hexabromocyclohexane	0.1932	1.0	0.964	0.1863	1	1000	False
tenatoprazole	0.1932	1.0	0.964	0.1863	1	1000	False
felbinac-ethyl	0.1932	1.0	0.964	0.1863	1	1000	False
terazosin	0.1932	1.0	0.964	0.1863	1	1000	False
a66	0.1932	1.0	0.964	0.1863	1	1000	False
epz015666	0.1932	1.0	0.964	0.1863	1	1000	False
agn-194310	0.1932	1.0	0.964	0.1863	1	1000	False
trabectedin	0.1932	1.0	0.964	0.1863	1	1000	False
ikk-2-inhibitor	0.1932	1.0	0.964	0.1863	1	1000	False
fenbufen	0.1932	1.0	0.964	0.1863	1	1000	False
travoprost	0.1932	1.0	0.964	0.1863	1	1000	False
jq1-(+)	0.1932	1.0	0.964	0.1863	1	1000	False
mabuterol	0.1932	1.0	0.964	0.1863	1	1000	False
xylometazoline	0.1932	1.0	0.964	0.1863	1	1000	False
fluorometholone-acetate	0.1932	1.0	0.964	0.1863	1	1000	False
thiorphan	0.1932	1.0	0.964	0.1863	1	1000	False
alexidine	0.1932	1.0	0.964	0.1863	1	1000	False
ammonium-glycyrrhizinate	0.1932	1.0	0.964	0.1863	1	1000	False
antagonist-g	0.1932	1.0	0.964	0.1863	1	1000	False
epacadostat	0.1932	1.0	0.964	0.1863	1	1000	False
elacestrant	0.1932	1.0	0.964	0.1863	1	1000	False
casin	0.196	1.0	0.963	0.1888	1	1000	False
bms-777607	0.196	1.0	0.963	0.1888	1	1000	False
ppt	0.196	1.0	0.963	0.1888	1	1000	False
ml228	0.196	1.0	0.963	0.1888	1	1000	False
sgx523	0.196	1.0	0.963	0.1888	1	1000	False
atenolol-(+/-)	0.196	1.0	0.963	0.1888	1	1000	False
jnj-47965567	0.196	1.0	0.963	0.1888	1	1000	False
gsk2636771	0.196	1.0	0.963	0.1888	1	1000	False
kx2-391	0.196	1.0	0.963	0.1888	1	1000	False
k-80003	0.196	1.0	0.963	0.1888	1	1000	False
l-arginine hcl	0.196	1.0	0.963	0.1888	1	1000	False
rs-17053	0.196	1.0	0.963	0.1888	1	1000	False
alclometasone-dipropionate	0.196	1.0	0.963	0.1888	1	1000	False
fruquintinib	0.196	1.0	0.963	0.1888	1	1000	False
imidapril hcl	0.196	1.0	0.963	0.1888	1	1000	False
bivalirudin	0.196	1.0	0.963	0.1888	1	1000	False
oxymetazoline	0.196	1.0	0.963	0.1888	1	1000	False
verapamil	0.196	1.0	0.963	0.1888	1	1000	False
sb-242235	0.196	1.0	0.963	0.1888	1	1000	False
mps1-in-1	0.196	1.0	0.963	0.1888	1	1000	False
l-proline	0.196	1.0	0.963	0.1888	1	1000	False
pa-452	0.196	1.0	0.963	0.1888	1	1000	False
kd025	0.196	1.0	0.963	0.1888	1	1000	False
chloramphenicol	0.196	1.0	0.963	0.1888	1	1000	False
ku-55933	0.196	1.0	0.963	0.1888	1	1000	False
terlipressin	0.196	1.0	0.963	0.1888	1	1000	False
oridonin (isodonol)	0.196	1.0	0.963	0.1888	1	1000	False
clobetasone-butyrate	0.196	1.0	0.963	0.1888	1	1000	False
bay-61-3606	0.196	1.0	0.963	0.1888	1	1000	False
higenamine	0.196	1.0	0.963	0.1888	1	1000	False
bimatoprost	0.196	1.0	0.963	0.1888	1	1000	False
asymmetrical-dimethylarginine	0.196	1.0	0.963	0.1888	1	1000	False
floctafenine	0.196	1.0	0.963	0.1888	1	1000	False
doxazosin mesylate	0.196	1.0	0.963	0.1888	1	1000	False
ly2801653	0.196	1.0	0.963	0.1888	1	1000	False
amg-319	0.196	1.0	0.963	0.1888	1	1000	False
vabicaserin hydrochloride	0.196	1.0	0.963	0.1888	1	1000	False
iguratimod	0.196	1.0	0.963	0.1888	1	1000	False
hemomex-s	0.196	1.0	0.963	0.1888	1	1000	False
estradiol cypionate	0.196	1.0	0.963	0.1888	1	1000	False
pifithrin-alpha	0.196	1.0	0.963	0.1888	1	1000	False
bx-912	0.196	1.0	0.963	0.1888	1	1000	False
gw-2580	0.196	1.0	0.963	0.1888	1	1000	False
bw-723c86	0.196	1.0	0.963	0.1888	1	1000	False
su11274	0.196	1.0	0.963	0.1888	1	1000	False
estradiol	0.196	1.0	0.963	0.1888	1	1000	False
aminopurvalanol-a	0.196	1.0	0.963	0.1888	1	1000	False
dobutamine	0.196	1.0	0.963	0.1888	1	1000	False
suprofen	0.196	1.0	0.963	0.1888	1	1000	False
lcl-161	0.196	1.0	0.963	0.1888	1	1000	False
sr-1664	0.196	1.0	0.963	0.1888	1	1000	False
maraviroc	0.196	1.0	0.963	0.1888	1	1000	False
albuterol	0.196	1.0	0.963	0.1888	1	1000	False
nvp-bvu972	0.196	1.0	0.963	0.1888	1	1000	False
astx660	0.196	1.0	0.963	0.1888	1	1000	False
brl-37344	0.196	1.0	0.963	0.1888	1	1000	False
gdc-0068	0.196	1.0	0.963	0.1888	1	1000	False
isoxsuprine hydrochloride	0.196	1.0	0.963	0.1888	1	1000	False
isoxsuprine	0.196	1.0	0.963	0.1888	1	1000	False
ldc1267	0.196	1.0	0.963	0.1888	1	1000	False
idazoxan	0.196	1.0	0.963	0.1888	1	1000	False
mibampator	0.196	1.0	0.963	0.1888	1	1000	False
norfluoxetine	0.196	1.0	0.963	0.1888	1	1000	False
zk-811752	0.196	1.0	0.963	0.1888	1	1000	False
amezinium	0.196	1.0	0.963	0.1888	1	1000	False
capsazepine	0.196	1.0	0.963	0.1888	1	1000	False
kpt-276	0.1987	1.0	0.962	0.1912	1	1000	False
ibuprofen-lysine	0.1987	1.0	0.962	0.1912	1	1000	False
octreotide	0.1987	1.0	0.962	0.1912	1	1000	False
retinol	0.1987	1.0	0.962	0.1912	1	1000	False
nsc-632839	0.1987	1.0	0.962	0.1912	1	1000	False
lestaurtinib	0.1987	1.0	0.962	0.1912	1	1000	False
gpi-1046	0.1987	1.0	0.962	0.1912	1	1000	False
nrc-2694	0.1987	1.0	0.962	0.1912	1	1000	False
rn-1747	0.1987	1.0	0.962	0.1912	1	1000	False
nqdi-1	0.1987	1.0	0.962	0.1912	1	1000	False
ciclesonide	0.1987	1.0	0.962	0.1912	1	1000	False
r-1487	0.1987	1.0	0.962	0.1912	1	1000	False
fluocinolone-acetonide	0.1987	1.0	0.962	0.1912	1	1000	False
nu-7441	0.1987	1.0	0.962	0.1912	1	1000	False
ore1001	0.1987	1.0	0.962	0.1912	1	1000	False
defactinib	0.1987	1.0	0.962	0.1912	1	1000	False
alclofenac	0.1987	1.0	0.962	0.1912	1	1000	False
ly2874455	0.1987	1.0	0.962	0.1912	1	1000	False
peposertib	0.1987	1.0	0.962	0.1912	1	1000	False
3-deazaneplanocin-a	0.1987	1.0	0.962	0.1912	1	1000	False
irl-2500	0.1987	1.0	0.962	0.1912	1	1000	False
fk-866	0.1987	1.0	0.962	0.1912	1	1000	False
iniparib	0.1987	1.0	0.962	0.1912	1	1000	False
ly2857785	0.1987	1.0	0.962	0.1912	1	1000	False
indoximod	0.1987	1.0	0.962	0.1912	1	1000	False
iem1754	0.1987	1.0	0.962	0.1912	1	1000	False
diflorasone-diacetate	0.1987	1.0	0.962	0.1912	1	1000	False
docetaxel	0.1987	1.0	0.962	0.1912	1	1000	False
wb-4101	0.1987	1.0	0.962	0.1912	1	1000	False
vercirnon	0.1987	1.0	0.962	0.1912	1	1000	False
amrinone	0.1987	1.0	0.962	0.1912	1	1000	False
17,21-dihydroxypregn-4-ene-3,20-dione	0.1987	1.0	0.962	0.1912	1	1000	False
xd-14	0.1987	1.0	0.962	0.1912	1	1000	False
sklb-1028	0.1987	1.0	0.962	0.1912	1	1000	False
cep-33779	0.1987	1.0	0.962	0.1912	1	1000	False
lifirafenib	0.1987	1.0	0.962	0.1912	1	1000	False
liraglutide	0.1987	1.0	0.962	0.1912	1	1000	False
kojic acid	0.1987	1.0	0.962	0.1912	1	1000	False
quinpirol-(-)	0.1987	1.0	0.962	0.1912	1	1000	False
hki-357	0.1987	1.0	0.962	0.1912	1	1000	False
ketoprofen	0.1987	1.0	0.962	0.1912	1	1000	False
bms-265246	0.1987	1.0	0.962	0.1912	1	1000	False
lsz-102	0.1987	1.0	0.962	0.1912	1	1000	False
msdc-0160	0.1987	1.0	0.962	0.1912	1	1000	False
aceclofenac	0.1987	1.0	0.962	0.1912	1	1000	False
e7820	0.1987	1.0	0.962	0.1912	1	1000	False
kb-0742 (dihydrochloride)	0.1987	1.0	0.962	0.1912	1	1000	False
px-478	0.1987	1.0	0.962	0.1912	1	1000	False
it1t	0.2015	1.0	0.961	0.1936	1	1000	False
pha-665752	0.2015	1.0	0.961	0.1936	1	1000	False
cct196969	0.2015	1.0	0.961	0.1936	1	1000	False
rhein	0.2015	1.0	0.961	0.1936	1	1000	False
1400w	0.2015	1.0	0.961	0.1936	1	1000	False
pamicogrel	0.2015	1.0	0.961	0.1936	1	1000	False
triamcinolone-acetonide	0.2015	1.0	0.961	0.1936	1	1000	False
celiprolol	0.2015	1.0	0.961	0.1936	1	1000	False
ulipristal	0.2015	1.0	0.961	0.1936	1	1000	False
tyrphostin-ag-835	0.2015	1.0	0.961	0.1936	1	1000	False
propacetamol	0.2015	1.0	0.961	0.1936	1	1000	False
tacrolimus	0.2015	1.0	0.961	0.1936	1	1000	False
betamethasone acetate	0.2015	1.0	0.961	0.1936	1	1000	False
alicapistat	0.2015	1.0	0.961	0.1936	1	1000	False
ml786	0.2015	1.0	0.961	0.1936	1	1000	False
sotalol	0.2015	1.0	0.961	0.1936	1	1000	False
ei1	0.2015	1.0	0.961	0.1936	1	1000	False
beclomethasone-dipropionate	0.2015	1.0	0.961	0.1936	1	1000	False
seletalisib	0.2015	1.0	0.961	0.1936	1	1000	False
cyc065	0.2015	1.0	0.961	0.1936	1	1000	False
gw-311616	0.2015	1.0	0.961	0.1936	1	1000	False
milademetan	0.2015	1.0	0.961	0.1936	1	1000	False
droxicam	0.2015	1.0	0.961	0.1936	1	1000	False
esonarimod	0.2015	1.0	0.961	0.1936	1	1000	False
ly303511	0.2015	1.0	0.961	0.1936	1	1000	False
apyramide	0.2015	1.0	0.961	0.1936	1	1000	False
ml141	0.2015	1.0	0.961	0.1936	1	1000	False
rucaparib	0.2015	1.0	0.961	0.1936	1	1000	False
az-628	0.2015	1.0	0.961	0.1936	1	1000	False
meclofenamic-acid	0.2015	1.0	0.961	0.1936	1	1000	False
asp3026	0.2015	1.0	0.961	0.1936	1	1000	False
lorlatinib	0.2015	1.0	0.961	0.1936	1	1000	False
chir-99021	0.2024	1.0	0.9785	0.1062	2	1000	False
acriflavine	0.2041	1.0	0.96	0.196	1	1000	False
pramipexole	0.2041	1.0	0.96	0.196	1	1000	False
cpi-360	0.2041	1.0	0.96	0.196	1	1000	False
azd-0364	0.2041	1.0	0.96	0.196	1	1000	False
nabumetone	0.2041	1.0	0.96	0.196	1	1000	False
proflavine-hemisulfate	0.2041	1.0	0.96	0.196	1	1000	False
incb-057643	0.2041	1.0	0.96	0.196	1	1000	False
du-728	0.2041	1.0	0.96	0.196	1	1000	False
fosfosal	0.2041	1.0	0.96	0.196	1	1000	False
vilanterol trifenatate	0.2041	1.0	0.96	0.196	1	1000	False
gm-1485	0.2041	1.0	0.96	0.196	1	1000	False
jnj-64619178	0.2041	1.0	0.96	0.196	1	1000	False
nicotinamide	0.2041	1.0	0.96	0.196	1	1000	False
firocoxib	0.2041	1.0	0.96	0.196	1	1000	False
etofenamate	0.2041	1.0	0.96	0.196	1	1000	False
l-368,899 hydrochloride	0.2041	1.0	0.96	0.196	1	1000	False
adaptavir	0.2041	1.0	0.96	0.196	1	1000	False
rs-100329	0.2041	1.0	0.96	0.196	1	1000	False
relcovaptan	0.2041	1.0	0.96	0.196	1	1000	False
benazepril	0.2041	1.0	0.96	0.196	1	1000	False
prednisolone-acetate	0.2041	1.0	0.96	0.196	1	1000	False
fosdagrocorat	0.2041	1.0	0.96	0.196	1	1000	False
cicloprofen	0.2041	1.0	0.96	0.196	1	1000	False
tenovin-6	0.2041	1.0	0.96	0.196	1	1000	False
lazertinib	0.2041	1.0	0.96	0.196	1	1000	False
zcl-278	0.2041	1.0	0.96	0.196	1	1000	False
doramapimod	0.2041	1.0	0.96	0.196	1	1000	False
bay-85-8501	0.2041	1.0	0.96	0.196	1	1000	False
stat3-inhibitor-vi	0.2041	1.0	0.96	0.196	1	1000	False
peretinoin	0.2041	1.0	0.96	0.196	1	1000	False
alpha-methylserotonin	0.2068	1.0	0.959	0.1983	1	1000	False
clorotepine	0.2068	1.0	0.959	0.1983	1	1000	False
binimetinib	0.2068	1.0	0.959	0.1983	1	1000	False
azd5423	0.2068	1.0	0.959	0.1983	1	1000	False
2-ethoxybenzoic-acid	0.2068	1.0	0.959	0.1983	1	1000	False
arglabin	0.2068	1.0	0.959	0.1983	1	1000	False
ph-797804	0.2068	1.0	0.959	0.1983	1	1000	False
fluorometholone(brd-a13133631)	0.2068	1.0	0.959	0.1983	1	1000	False
ipi549	0.2068	1.0	0.959	0.1983	1	1000	False
acriflavinium	0.2068	1.0	0.959	0.1983	1	1000	False
voxtalisib	0.2068	1.0	0.959	0.1983	1	1000	False
sitagliptin	0.2068	1.0	0.959	0.1983	1	1000	False
drospirenone	0.2068	1.0	0.959	0.1983	1	1000	False
isamoltane	0.2068	1.0	0.959	0.1983	1	1000	False
bebt-908	0.2068	1.0	0.959	0.1983	1	1000	False
argatroban	0.2068	1.0	0.959	0.1983	1	1000	False
pomalidomide	0.2068	1.0	0.959	0.1983	1	1000	False
indeglitazar	0.2068	1.0	0.959	0.1983	1	1000	False
gw7604	0.2094	1.0	0.958	0.2006	1	1000	False
jnj-27141491	0.2094	1.0	0.958	0.2006	1	1000	False
prednisone	0.2094	1.0	0.958	0.2006	1	1000	False
butalbital	0.2094	1.0	0.958	0.2006	1	1000	False
cenisertib	0.2094	1.0	0.958	0.2006	1	1000	False
sd-208	0.2094	1.0	0.958	0.2006	1	1000	False
aliskiren-hemifumarate	0.2094	1.0	0.958	0.2006	1	1000	False
incb-3284	0.2094	1.0	0.958	0.2006	1	1000	False
carazolol	0.2094	1.0	0.958	0.2006	1	1000	False
pipequaline	0.2094	1.0	0.958	0.2006	1	1000	False
trichlormethiazide	0.2094	1.0	0.958	0.2006	1	1000	False
alacepril	0.2094	1.0	0.958	0.2006	1	1000	False
niraparib	0.2094	1.0	0.958	0.2006	1	1000	False
rp-54745	0.2094	1.0	0.958	0.2006	1	1000	False
doxazosin	0.2094	1.0	0.958	0.2006	1	1000	False
laquinimod	0.2094	1.0	0.958	0.2006	1	1000	False
risperidone	0.2094	1.0	0.958	0.2006	1	1000	False
avitinib	0.2094	1.0	0.958	0.2006	1	1000	False
beta-elemene	0.2102	1.0	0.977	0.1094	2	1000	False
glycol salicylate	0.212	1.0	0.957	0.2029	1	1000	False
rimonabant	0.212	1.0	0.957	0.2029	1	1000	False
at-7519	0.212	1.0	0.9785	0.1014	2	1000	False
nu-7026	0.212	1.0	0.957	0.2029	1	1000	False
nsc-3852	0.212	1.0	0.957	0.2029	1	1000	False
kr-33494	0.212	1.0	0.957	0.2029	1	1000	False
tiplaxtinin	0.212	1.0	0.957	0.2029	1	1000	False
ormeloxifene	0.212	1.0	0.957	0.2029	1	1000	False
fenoterol	0.212	1.0	0.957	0.2029	1	1000	False
ct-7758	0.212	1.0	0.957	0.2029	1	1000	False
sb-525334	0.212	1.0	0.957	0.2029	1	1000	False
tropesin	0.212	1.0	0.957	0.2029	1	1000	False
prednisolone	0.212	1.0	0.957	0.2029	1	1000	False
sertindole	0.212	1.0	0.957	0.2029	1	1000	False
fenebrutinib	0.212	1.0	0.957	0.2029	1	1000	False
selinexor	0.212	1.0	0.957	0.2029	1	1000	False
irgd-peptide	0.2145	1.0	0.956	0.2051	1	1000	False
btk-in-1	0.2145	1.0	0.956	0.2051	1	1000	False
tolebrutinib	0.2145	1.0	0.956	0.2051	1	1000	False
mavacoxib	0.2145	1.0	0.956	0.2051	1	1000	False
bexarotene	0.2145	1.0	0.956	0.2051	1	1000	False
perindoprilat	0.2171	1.0	0.955	0.2073	1	1000	False
tgr-1202	0.2171	1.0	0.955	0.2073	1	1000	False
pepstatin	0.2196	1.0	0.954	0.2095	1	1000	False
npc-15199	0.2196	1.0	0.977	0.1047	2	1000	False
bms-688521	0.2196	1.0	0.954	0.2095	1	1000	False
ly2109761	0.2203	1.0	0.975	0.1135	2	1000	False
mianserin	0.2211	1.0	0.974	0.1176	2	1000	False
ramipril	0.2221	1.0	0.953	0.2116	1	1000	False
sirolimus	0.2223	1.0	0.9755	0.1102	2	1000	False
uprosertib	0.2245	1.0	0.952	0.2138	1	1000	False
bms-813160	0.2245	1.0	0.976	0.1069	2	1000	False
gallic-acid	0.2245	1.0	0.976	0.1069	2	1000	False
burixafor	0.2245	1.0	0.952	0.2138	1	1000	False
aminocaproic-acid	0.2245	1.0	0.952	0.2138	1	1000	False
vinblastine	0.2245	1.0	0.952	0.2138	1	1000	False
prednisolone-sodium-phosphate	0.227	1.0	0.951	0.2159	1	1000	False
quinestrol	0.227	1.0	0.951	0.2159	1	1000	False
birinapant	0.2272	1.0	0.9745	0.1122	2	1000	False
navarixin	0.2277	1.0	0.9735	0.1164	2	1000	False
ravoxertinib	0.2277	1.0	0.9735	0.1164	2	1000	False
oxa-06	0.2277	1.0	0.9735	0.1164	2	1000	False
baicalein	0.2277	1.0	0.9735	0.1164	2	1000	False
rv1729	0.2294	1.0	0.95	0.2179	1	1000	False
indisulam	0.2294	1.0	0.975	0.109	2	1000	False
meisoindigo	0.2294	1.0	0.95	0.2179	1	1000	False
navitoclax	0.2294	1.0	0.975	0.109	2	1000	False
otx015	0.2294	1.0	0.975	0.109	2	1000	False
rg2833	0.2296	1.0	0.974	0.1132	2	1000	False
lisinopril	0.2308	1.0	0.972	0.1213	2	1000	False
e-7386	0.2318	1.0	0.9745	0.11	2	1000	False
m-3m3fbs	0.2318	1.0	0.9745	0.11	2	1000	False
ly3214996	0.232	1.0	0.9735	0.1142	2	1000	False
anlotinib	0.2332	1.0	0.9715	0.1222	2	1000	False
repotrectinib	0.2332	1.0	0.9715	0.1222	2	1000	False
heclin	0.2342	1.0	0.974	0.111	2	1000	False
debio-0932	0.2342	1.0	0.974	0.111	2	1000	False
su4312	0.2344	1.0	0.973	0.1152	2	1000	False
gdc-0994	0.2344	1.0	0.973	0.1152	2	1000	False
urmc-099	0.2344	1.0	0.973	0.1152	2	1000	False
bp-897	0.2344	1.0	0.973	0.1152	2	1000	False
hexylene-glycol	0.2344	1.0	0.973	0.1152	2	1000	False
norgestrel	0.2344	1.0	0.973	0.1152	2	1000	False
ketanserin	0.2344	1.0	0.973	0.1152	2	1000	False
pf-562271	0.2344	1.0	0.973	0.1152	2	1000	False
melatonin	0.2348	1.0	0.972	0.1192	2	1000	False
chlorpromazine	0.2348	1.0	0.972	0.1192	2	1000	False
nateglinide	0.2366	1.0	0.9735	0.112	2	1000	False
salvianolic-acid-b	0.2367	1.0	0.9725	0.1162	2	1000	False
d,l-3-hydroxybutyric acid	0.2367	1.0	0.9725	0.1162	2	1000	False
ergotamine tartrate	0.2367	1.0	0.9725	0.1162	2	1000	False
cenicriviroc	0.2367	1.0	0.9725	0.1162	2	1000	False
benfluralin	0.2367	1.0	0.9725	0.1162	2	1000	False
ritanserin	0.2367	1.0	0.9725	0.1162	2	1000	False
zm-39923	0.2367	1.0	0.9725	0.1162	2	1000	False
al-8697	0.2372	1.0	0.9715	0.1202	2	1000	False
flurizan	0.2387	1.0	0.9695	0.1277	2	1000	False
bisphenol-a	0.2389	1.0	0.973	0.113	2	1000	False
azd8931	0.2389	1.0	0.973	0.113	2	1000	False
repaglinide	0.2389	1.0	0.973	0.113	2	1000	False
balsalazide disodium	0.2389	1.0	0.973	0.113	2	1000	False
ic-87114	0.2389	1.0	0.973	0.113	2	1000	False
cct128930	0.2391	1.0	0.972	0.1171	2	1000	False
azd5438	0.2391	1.0	0.972	0.1171	2	1000	False
gs-143	0.2391	1.0	0.972	0.1171	2	1000	False
bms-599626	0.2391	1.0	0.972	0.1171	2	1000	False
az960	0.2391	1.0	0.972	0.1171	2	1000	False
sc-12267	0.2391	1.0	0.972	0.1171	2	1000	False
sb-772077b	0.2395	1.0	0.971	0.1211	2	1000	False
at7867	0.2412	1.0	0.9725	0.114	2	1000	False
tak-285	0.2412	1.0	0.9725	0.114	2	1000	False
moexipril	0.2412	1.0	0.9725	0.114	2	1000	False
edaglitazone	0.2412	1.0	0.9725	0.114	2	1000	False
teriflunomide	0.2412	1.0	0.9725	0.114	2	1000	False
integrin-antagonist-1	0.2412	1.0	0.9725	0.114	2	1000	False
pindolol	0.2412	1.0	0.9725	0.114	2	1000	False
ast-1306	0.2412	1.0	0.9725	0.114	2	1000	False
medroxyprogesterone acetate	0.2414	1.0	0.9715	0.1181	2	1000	False
olanzapine	0.2414	1.0	0.9715	0.1181	2	1000	False
darglitazone	0.2414	1.0	0.9715	0.1181	2	1000	False
fr-180204	0.2414	1.0	0.9715	0.1181	2	1000	False
megestrol-acetate	0.2414	1.0	0.9715	0.1181	2	1000	False
ergotamine	0.2414	1.0	0.9715	0.1181	2	1000	False
mapracorat	0.2418	1.0	0.9705	0.122	2	1000	False
bms-626531	0.2418	1.0	0.9705	0.122	2	1000	False
brivanib	0.2418	1.0	0.9705	0.122	2	1000	False
clodronic-acid	0.2418	1.0	0.9705	0.122	2	1000	False
gw-9662	0.2418	1.0	0.9705	0.122	2	1000	False
bromocriptine	0.2425	1.0	0.9695	0.1258	2	1000	False
e3330	0.2436	1.0	0.972	0.115	2	1000	False
pergolide	0.2436	1.0	0.972	0.115	2	1000	False
merck60	0.2436	1.0	0.972	0.115	2	1000	False
av-412	0.2436	1.0	0.972	0.115	2	1000	False
norepinephrine	0.2437	1.0	0.971	0.119	2	1000	False
plx647	0.2437	1.0	0.971	0.119	2	1000	False
incyclinide	0.2437	1.0	0.971	0.119	2	1000	False
vecabrutinib	0.2437	1.0	0.971	0.119	2	1000	False
cct018159	0.2437	1.0	0.971	0.119	2	1000	False
ly2784544	0.2437	1.0	0.971	0.119	2	1000	False
qx-314	0.2437	1.0	0.971	0.119	2	1000	False
arundic-acid	0.2441	1.0	0.97	0.1229	2	1000	False
prt062607	0.2441	1.0	0.97	0.1229	2	1000	False
crenigacestat	0.2441	1.0	0.97	0.1229	2	1000	False
abt-737	0.2448	1.0	0.969	0.1266	2	1000	False
tesaglitazar	0.2459	1.0	0.9715	0.1159	2	1000	False
clozapine	0.2459	1.0	0.9715	0.1159	2	1000	False
tibolone	0.2459	1.0	0.9715	0.1159	2	1000	False
olsalazine	0.2459	1.0	0.9715	0.1159	2	1000	False
wh-4-023	0.2459	1.0	0.9715	0.1159	2	1000	False
amoxapine	0.2459	1.0	0.9715	0.1159	2	1000	False
perifosine	0.2459	1.0	0.9715	0.1159	2	1000	False
progesterone	0.2459	1.0	0.9715	0.1159	2	1000	False
avacopan	0.2459	1.0	0.9715	0.1159	2	1000	False
purvalanol-b	0.2459	1.0	0.9715	0.1159	2	1000	False
btt-3033	0.246	1.0	0.9705	0.1199	2	1000	False
krn-633	0.246	1.0	0.9705	0.1199	2	1000	False
acitretin	0.246	1.0	0.9705	0.1199	2	1000	False
3,4-methylenedioxy-beta-nitrostyrene	0.246	1.0	0.9705	0.1199	2	1000	False
pf-05212384	0.246	1.0	0.9705	0.1199	2	1000	False
indomethacin	0.246	1.0	0.9705	0.1199	2	1000	False
rki-1447	0.246	1.0	0.9705	0.1199	2	1000	False
crizotinib	0.2464	1.0	0.9695	0.1238	2	1000	False
menadiol sodium sulfate	0.2481	1.0	0.971	0.1169	2	1000	False
ji-101	0.2481	1.0	0.971	0.1169	2	1000	False
olomoucine	0.2483	1.0	0.97	0.1208	2	1000	False
lx7101	0.2483	1.0	0.97	0.1208	2	1000	False
norgestimate	0.2483	1.0	0.97	0.1208	2	1000	False
bio-5192	0.2487	1.0	0.969	0.1247	2	1000	False
medroxyprogesterone-acetate	0.2487	1.0	0.969	0.1247	2	1000	False
tas-115 mesylate	0.2487	1.0	0.969	0.1247	2	1000	False
azd5582	0.2487	1.0	0.969	0.1247	2	1000	False
poziotinib	0.2493	1.0	0.968	0.1284	2	1000	False
azd8186	0.2504	1.0	0.9705	0.1178	2	1000	False
a-485	0.2504	1.0	0.9705	0.1178	2	1000	False
cgm097	0.2504	1.0	0.9705	0.1178	2	1000	False
mgcd-265	0.2504	1.0	0.9705	0.1178	2	1000	False
icosapent	0.2504	1.0	0.9705	0.1178	2	1000	False
wz-4002	0.2504	1.0	0.9705	0.1178	2	1000	False
gdc-0152	0.2504	1.0	0.9705	0.1178	2	1000	False
ap26113	0.2504	1.0	0.9705	0.1178	2	1000	False
r547	0.2504	1.0	0.9705	0.1178	2	1000	False
tanshinone-iia	0.2505	1.0	0.9695	0.1217	2	1000	False
gf109203x	0.2505	1.0	0.9695	0.1217	2	1000	False
alectinib	0.2505	1.0	0.9695	0.1217	2	1000	False
tozasertib	0.2505	1.0	0.9695	0.1217	2	1000	False
actb-1003	0.2505	1.0	0.9695	0.1217	2	1000	False
crocin	0.2505	1.0	0.9695	0.1217	2	1000	False
dinaciclib	0.2505	1.0	0.9695	0.1217	2	1000	False
bms-345541	0.2505	1.0	0.9695	0.1217	2	1000	False
pgl5001	0.2509	1.0	0.9685	0.1255	2	1000	False
nvp-hsp990	0.2509	1.0	0.9685	0.1255	2	1000	False
spiroxatrine	0.2515	1.0	0.9675	0.1292	2	1000	False
cyclosporin-a	0.2526	1.0	0.97	0.1187	2	1000	False
azd5153	0.2526	1.0	0.97	0.1187	2	1000	False
cot-inhibitor-1	0.2526	1.0	0.97	0.1187	2	1000	False
balaglitazone	0.2526	1.0	0.97	0.1187	2	1000	False
idasanutlin	0.2526	1.0	0.97	0.1187	2	1000	False
tg-100572	0.2528	1.0	0.969	0.1226	2	1000	False
src-kinase-inhibitor-i	0.2528	1.0	0.969	0.1226	2	1000	False
diclofenac	0.2528	1.0	0.969	0.1226	2	1000	False
2-methoxyestradiol	0.2528	1.0	0.969	0.1226	2	1000	False
tw-37	0.2528	1.0	0.969	0.1226	2	1000	False
a-674563	0.2528	1.0	0.969	0.1226	2	1000	False
paclitaxel	0.2532	1.0	0.968	0.1264	2	1000	False
omapatrilat	0.2538	1.0	0.967	0.13	2	1000	False
zaurategrast ethyl ester	0.2545	1.0	0.966	0.1336	2	1000	False
sulfatinib	0.2549	1.0	0.9695	0.1197	2	1000	False
dacomitinib	0.2549	1.0	0.9695	0.1197	2	1000	False
l-368899	0.2549	1.0	0.9695	0.1197	2	1000	False
mivebresib	0.2549	1.0	0.9695	0.1197	2	1000	False
ethynodiol-diacetate	0.2549	1.0	0.9695	0.1197	2	1000	False
nvp-tae226	0.255	1.0	0.9685	0.1235	2	1000	False
buparlisib	0.255	1.0	0.9685	0.1235	2	1000	False
lovastatin	0.255	1.0	0.9685	0.1235	2	1000	False
gestrinone	0.255	1.0	0.9685	0.1235	2	1000	False
delphinidin	0.255	1.0	0.9685	0.1235	2	1000	False
fluticasone-propionate	0.255	1.0	0.9685	0.1235	2	1000	False
pci-34051	0.255	1.0	0.9685	0.1235	2	1000	False
amg-548	0.2554	1.0	0.9675	0.1273	2	1000	False
vgx-1027	0.2554	1.0	0.9675	0.1273	2	1000	False
val-tyr	0.2554	1.0	0.9675	0.1273	2	1000	False
pioglitazone	0.2554	1.0	0.9675	0.1273	2	1000	False
ehop-016	0.256	1.0	0.9665	0.1309	2	1000	False
ag-1024	0.256	1.0	0.9665	0.1309	2	1000	False
brivanib-alaninate	0.2571	1.0	0.969	0.1206	2	1000	False
coenzyme-a	0.2571	1.0	0.969	0.1206	2	1000	False
solasonine	0.2571	1.0	0.969	0.1206	2	1000	False
tyrphostin-ag-1478	0.2571	1.0	0.969	0.1206	2	1000	False
decernotinib	0.2571	1.0	0.969	0.1206	2	1000	False
arry-334543	0.2571	1.0	0.969	0.1206	2	1000	False
tenalisib	0.2571	1.0	0.969	0.1206	2	1000	False
pp-1	0.2571	1.0	0.969	0.1206	2	1000	False
gsk690693	0.2572	1.0	0.968	0.1244	2	1000	False
apck-110	0.2572	1.0	0.968	0.1244	2	1000	False
betulinic-acid	0.2572	1.0	0.968	0.1244	2	1000	False
bio-1211	0.2572	1.0	0.968	0.1244	2	1000	False
amd11070	0.2576	1.0	0.967	0.1281	2	1000	False
aloe-emodin	0.2576	1.0	0.967	0.1281	2	1000	False
prazosin	0.2576	1.0	0.967	0.1281	2	1000	False
cep-32496	0.2593	1.0	0.9685	0.1215	2	1000	False
sr-3306	0.2593	1.0	0.9685	0.1215	2	1000	False
tyrphostin-ag-879	0.2593	1.0	0.9685	0.1215	2	1000	False
beta-lapachone	0.2594	1.0	0.9675	0.1253	2	1000	False
kaempferol	0.2594	1.0	0.9675	0.1253	2	1000	False
dcc-2618	0.2594	1.0	0.9675	0.1253	2	1000	False
kuromanin	0.2594	1.0	0.9675	0.1253	2	1000	False
ml347	0.2594	1.0	0.9675	0.1253	2	1000	False
semapimod	0.2594	1.0	0.9675	0.1253	2	1000	False
nilotinib	0.2598	1.0	0.9665	0.1289	2	1000	False
su9516	0.2598	1.0	0.9665	0.1289	2	1000	False
camostat-mesilate	0.2598	1.0	0.9665	0.1289	2	1000	False
lxs196	0.2615	1.0	0.968	0.1224	2	1000	False
gw-1929	0.2615	1.0	0.968	0.1224	2	1000	False
a-987306	0.2615	1.0	0.968	0.1224	2	1000	False
zeranol	0.2615	1.0	0.968	0.1224	2	1000	False
ceritinib	0.2615	1.0	0.968	0.1224	2	1000	False
tgx-221	0.2615	1.0	0.968	0.1224	2	1000	False
amitriptyline	0.2616	1.0	0.967	0.1261	2	1000	False
droxidopa	0.2616	1.0	0.967	0.1261	2	1000	False
gsk269962	0.2616	1.0	0.967	0.1261	2	1000	False
foscenvivint	0.2616	1.0	0.967	0.1261	2	1000	False
necrostatin-1	0.2616	1.0	0.967	0.1261	2	1000	False
triflusal	0.2619	1.0	0.9635	0.1393	2	1000	False
1-azakenpaullone	0.262	1.0	0.966	0.1298	2	1000	False
bms-754807	0.262	1.0	0.966	0.1298	2	1000	False
tws-119	0.262	1.0	0.966	0.1298	2	1000	False
vamorolone	0.2637	1.0	0.9675	0.1233	2	1000	False
pidolic-acid	0.2637	1.0	0.9675	0.1233	2	1000	False
i-cbp-112	0.2637	1.0	0.9675	0.1233	2	1000	False
metatinib	0.2637	1.0	0.9675	0.1233	2	1000	False
labetalol hydrochloride	0.2637	1.0	0.9675	0.1233	2	1000	False
sis3	0.2637	1.0	0.9675	0.1233	2	1000	False
resveratrol	0.2637	1.0	0.9675	0.1233	2	1000	False
bibx-1382	0.2637	1.0	0.9675	0.1233	2	1000	False
ethyl pyruvate	0.2638	1.0	0.9665	0.127	2	1000	False
azd8835	0.2638	1.0	0.9665	0.127	2	1000	False
hyaluronic-acid	0.2638	1.0	0.9665	0.127	2	1000	False
abametapir	0.2638	1.0	0.9665	0.127	2	1000	False
cc-90003	0.2638	1.0	0.9665	0.127	2	1000	False
gsk1838705a	0.2638	1.0	0.9665	0.127	2	1000	False
cbp/p300-in-4	0.2638	1.0	0.9665	0.127	2	1000	False
(r)-ketorolac	0.2638	1.0	0.9665	0.127	2	1000	False
y-39983	0.2641	1.0	0.9655	0.1306	2	1000	False
afatinib	0.2641	1.0	0.9655	0.1306	2	1000	False
cot-inhibitor-2	0.2641	1.0	0.9655	0.1306	2	1000	False
edasalonexent	0.2641	1.0	0.9655	0.1306	2	1000	False
golvatinib	0.2658	1.0	0.967	0.1241	2	1000	False
mcc950	0.2658	1.0	0.967	0.1241	2	1000	False
s-3304	0.2658	1.0	0.967	0.1241	2	1000	False
spiperone	0.2658	1.0	0.967	0.1241	2	1000	False
tak-715	0.2658	1.0	0.967	0.1241	2	1000	False
cilomilast	0.2658	1.0	0.967	0.1241	2	1000	False
desogestrel	0.2659	1.0	0.966	0.1278	2	1000	False
pexidartinib	0.2659	1.0	0.966	0.1278	2	1000	False
etonogestrel	0.2659	1.0	0.966	0.1278	2	1000	False
pd-166793	0.2659	1.0	0.966	0.1278	2	1000	False
pd-153035	0.2659	1.0	0.966	0.1278	2	1000	False
baricitinib	0.2663	1.0	0.965	0.1314	2	1000	False
fluticasone furoate	0.2663	1.0	0.965	0.1314	2	1000	False
entrectinib	0.2663	1.0	0.965	0.1314	2	1000	False
pd-198306	0.2668	1.0	0.964	0.1349	2	1000	False
gw-583340	0.268	1.0	0.9665	0.125	2	1000	False
fluticasone propionate	0.268	1.0	0.9665	0.125	2	1000	False
azd3463	0.268	1.0	0.9665	0.125	2	1000	False
ar-13324 m1 metabolite	0.268	1.0	0.9665	0.125	2	1000	False
lifitegrast	0.268	1.0	0.9665	0.125	2	1000	False
p276-00	0.2681	1.0	0.9655	0.1287	2	1000	False
rofecoxib	0.2681	1.0	0.9655	0.1287	2	1000	False
altiratinib	0.2681	1.0	0.9655	0.1287	2	1000	False
nicainoprol	0.2681	1.0	0.9655	0.1287	2	1000	False
atosiban	0.2681	1.0	0.9655	0.1287	2	1000	False
tcs-2314	0.2681	1.0	0.9655	0.1287	2	1000	False
sx-682	0.2681	1.0	0.977	0.0858	3	1000	False
desipramine	0.2684	1.0	0.9645	0.1322	2	1000	False
cpi-203	0.2684	1.0	0.9645	0.1322	2	1000	False
sp-100030	0.2684	1.0	0.9645	0.1322	2	1000	False
pp-2	0.269	1.0	0.9635	0.1357	2	1000	False
ningetinib-tosylate	0.2701	1.0	0.966	0.1259	2	1000	False
cudc-101	0.2701	1.0	0.966	0.1259	2	1000	False
allylestrenol	0.2701	1.0	0.966	0.1259	2	1000	False
ec-144	0.2701	1.0	0.966	0.1259	2	1000	False
dnqx	0.2701	1.0	0.966	0.1259	2	1000	False
mifepristone	0.2701	1.0	0.966	0.1259	2	1000	False
as-604850	0.2702	1.0	0.965	0.1295	2	1000	False
pf-573228	0.2702	1.0	0.965	0.1295	2	1000	False
at-406	0.2702	1.0	0.965	0.1295	2	1000	False
acalisib	0.2702	1.0	0.965	0.1295	2	1000	False
s26948	0.2702	1.0	0.965	0.1295	2	1000	False
loperamide	0.2702	1.0	0.965	0.1295	2	1000	False
mubritinib	0.2702	1.0	0.965	0.1295	2	1000	False
cyproheptadine	0.2722	1.0	0.9655	0.1267	2	1000	False
aminosalicylate	0.2722	1.0	0.9655	0.1267	2	1000	False
ciglitazone	0.2722	1.0	0.9655	0.1267	2	1000	False
balovaptan	0.2722	1.0	0.9655	0.1267	2	1000	False
bms-582949	0.2722	1.0	0.9655	0.1267	2	1000	False
sbha	0.2722	1.0	0.9655	0.1267	2	1000	False
cgp-53353	0.2724	1.0	0.9645	0.1303	2	1000	False
apratastat	0.2724	1.0	0.9645	0.1303	2	1000	False
mitiglinide	0.2727	1.0	0.9635	0.1339	2	1000	False
cr8-(r)	0.2727	1.0	0.9635	0.1339	2	1000	False
roscovitine	0.2727	1.0	0.9635	0.1339	2	1000	False
y-320	0.2727	1.0	0.9635	0.1339	2	1000	False
tic10	0.2744	1.0	0.965	0.1276	2	1000	False
cu-t12-9	0.2744	1.0	0.965	0.1276	2	1000	False
12-o-tetradecanoylphorbol-13-acetate	0.2744	1.0	0.965	0.1276	2	1000	False
cryptotanshinone	0.2744	1.0	0.965	0.1276	2	1000	False
cudc-907	0.2745	1.0	0.964	0.1312	2	1000	False
bms-817378	0.2745	1.0	0.964	0.1312	2	1000	False
reparixin	0.2745	1.0	0.964	0.1312	2	1000	False
obatoclax	0.2745	1.0	0.964	0.1312	2	1000	False
mephentermine	0.2745	1.0	0.964	0.1312	2	1000	False
menadione	0.2745	1.0	0.964	0.1312	2	1000	False
apremilast	0.2745	1.0	0.964	0.1312	2	1000	False
celecoxib	0.2748	1.0	0.963	0.1347	2	1000	False
balsalazide	0.2748	1.0	0.963	0.1347	2	1000	False
rs-504393	0.2748	1.0	0.963	0.1347	2	1000	False
tie2-kinase-inhibitor	0.2748	1.0	0.963	0.1347	2	1000	False
pyrazolanthrone	0.2748	1.0	0.963	0.1347	2	1000	False
atractylenolide-i	0.2753	1.0	0.962	0.138	2	1000	False
tg-101209	0.2765	1.0	0.9645	0.1284	2	1000	False
at-9283	0.2765	1.0	0.9645	0.1284	2	1000	False
ripretinib	0.2766	1.0	0.9635	0.132	2	1000	False
gsk1059615	0.2766	1.0	0.9635	0.132	2	1000	False
pf-431396	0.2769	1.0	0.9625	0.1354	2	1000	False
acy-1215	0.278	1.0	0.9737	0.0947	3	1000	False
bergenin	0.2785	1.0	0.964	0.1292	2	1000	False
nutlin-3	0.2785	1.0	0.964	0.1292	2	1000	False
rosiglitazone	0.2794	1.0	0.961	0.1396	2	1000	False
ly404187	0.2796	1.0	0.9723	0.0989	3	1000	False
dexfosfoserine	0.2801	1.0	0.9733	0.0952	3	1000	False
gr-235	0.2801	1.0	0.9733	0.0952	3	1000	False
sar407899	0.2806	1.0	0.9635	0.1301	2	1000	False
sgc-cbp30	0.2807	1.0	0.9625	0.1336	2	1000	False
ripasudil	0.2807	1.0	0.9625	0.1336	2	1000	False
cabozantinib	0.2807	1.0	0.975	0.0891	3	1000	False
emricasan	0.2827	1.0	0.963	0.1309	2	1000	False
conivaptan	0.2828	1.0	0.962	0.1344	2	1000	False
zd-4190	0.2828	1.0	0.962	0.1344	2	1000	False
pelitinib	0.2831	1.0	0.961	0.1378	2	1000	False
troglitazone	0.2831	1.0	0.974	0.0918	3	1000	False
afimoxifene	0.2837	1.0	0.9717	0.0999	3	1000	False
nvp-auy922	0.2847	1.0	0.9625	0.1317	2	1000	False
valproic-acid	0.2847	1.0	0.9625	0.1317	2	1000	False
lonafarnib	0.2849	1.0	0.972	0.0983	3	1000	False
pki-166	0.2849	1.0	0.9615	0.1352	2	1000	False
ingenol-mebutate	0.2849	1.0	0.9743	0.0901	3	1000	False
halofuginone	0.2851	1.0	0.9605	0.1385	2	1000	False
curcumol	0.2851	1.0	0.9737	0.0924	3	1000	False
gusacitinib	0.2856	1.0	0.973	0.0945	3	1000	False
gtp-14564	0.2857	1.0	0.9713	0.1003	3	1000	False
pci-27483	0.2869	1.0	0.961	0.1359	2	1000	False
pyrotinib	0.2869	1.0	0.961	0.1359	2	1000	False
zm-336372	0.2869	1.0	0.974	0.0906	3	1000	False
talmapimod	0.2872	1.0	0.9733	0.0929	3	1000	False
xl228	0.2877	1.0	0.971	0.1008	3	1000	False
skepinone-l	0.2888	1.0	0.9615	0.1333	2	1000	False
mifobate	0.2889	1.0	0.9605	0.1367	2	1000	False
oxf-bd-02	0.2892	1.0	0.9595	0.14	2	1000	False
naloxone	0.2902	1.0	0.9717	0.0976	3	1000	False
sb-747651a	0.2902	1.0	0.9717	0.0976	3	1000	False
tc-i-15	0.2912	1.0	0.959	0.1408	2	1000	False
3,3'-diindolylmethane	0.2917	1.0	0.9703	0.1017	3	1000	False
dacinostat	0.2922	1.0	0.9713	0.0981	3	1000	False
ibudilast	0.2929	1.0	0.9707	0.1001	3	1000	False
lapatinib	0.2929	1.0	0.9605	0.1349	2	1000	False
mln0128	0.2929	1.0	0.9707	0.1001	3	1000	False
voruciclib	0.2932	1.0	0.9723	0.0943	3	1000	False
batimastat	0.2932	1.0	0.9723	0.0943	3	1000	False
ampalex	0.2932	1.0	0.9723	0.0943	3	1000	False
snx-5422	0.2932	1.0	0.9585	0.1415	2	1000	False
no-asa	0.2937	1.0	0.9717	0.0965	3	1000	False
pamapimod	0.2962	1.0	0.9707	0.099	3	1000	False
y-27632	0.2969	1.0	0.97	0.1011	3	1000	False
pci-24781	0.297	1.0	0.9723	0.0932	3	1000	False
captopril	0.297	1.0	0.9723	0.0932	3	1000	False
ar-42	0.2972	1.0	0.9717	0.0953	3	1000	False
17-hydroxyprogesterone-caproate	0.2972	1.0	0.9717	0.0953	3	1000	False
pacritinib	0.2977	1.0	0.971	0.0974	3	1000	False
gw-788388	0.2977	1.0	0.971	0.0974	3	1000	False
firategrast	0.2982	1.0	0.9703	0.0995	3	1000	False
panobinostat	0.2982	1.0	0.9703	0.0995	3	1000	False
cp-547632	0.2985	1.0	0.9687	0.105	3	1000	False
bx-795	0.2989	1.0	0.9697	0.1015	3	1000	False
labetalol	0.2989	1.0	0.959	0.1372	2	1000	False
uf-010	0.299	1.0	0.972	0.0937	3	1000	False
xl019	0.2996	1.0	0.9707	0.0979	3	1000	False
cp-673451	0.3009	1.0	0.9717	0.0941	3	1000	False
tryptanthrin	0.3009	1.0	0.9723	0.092	3	1000	False
idra-21	0.3016	1.0	0.9703	0.0984	3	1000	False
c11-acetate	0.3016	1.0	0.9703	0.0984	3	1000	False
pivanex	0.3016	1.0	0.9703	0.0984	3	1000	False
pranlukast	0.3021	1.0	0.9697	0.1004	3	1000	False
topiramate	0.3021	1.0	0.9697	0.1004	3	1000	False
sym-2206	0.3028	1.0	0.969	0.1024	3	1000	False
tak-593	0.3028	1.0	0.969	0.1024	3	1000	False
apatinib	0.3032	1.0	0.9707	0.0968	3	1000	False
scriptaid	0.3036	1.0	0.97	0.0988	3	1000	False
canertinib	0.3049	1.0	0.971	0.0951	3	1000	False
belinostat	0.3051	1.0	0.9703	0.0972	3	1000	False
sotrastaurin	0.3051	1.0	0.9703	0.0972	3	1000	False
pik-294	0.3051	1.0	0.9703	0.0972	3	1000	False
mocetinostat	0.3051	1.0	0.9703	0.0972	3	1000	False
purvalanol-a	0.3055	1.0	0.9697	0.0993	3	1000	False
bms-587101	0.3055	1.0	0.9697	0.0993	3	1000	False
trichostatin-a	0.306	1.0	0.969	0.1013	3	1000	False
kenpaullone	0.3067	1.0	0.9713	0.0935	3	1000	False
cilengitide	0.3067	1.0	0.9683	0.1033	3	1000	False
sb-939	0.3068	1.0	0.9707	0.0956	3	1000	False
glesatinib	0.3068	1.0	0.9707	0.0956	3	1000	False
ml3403	0.3068	1.0	0.9707	0.0956	3	1000	False
piracetam	0.3071	1.0	0.97	0.0977	3	1000	False
azd4547	0.308	1.0	0.9687	0.1017	3	1000	False
ruxolitinib-(s)	0.308	1.0	0.9687	0.1017	3	1000	False
indoprofen	0.3088	1.0	0.9703	0.0961	3	1000	False
sb-239063	0.309	1.0	0.9697	0.0982	3	1000	False
remetinostat	0.309	1.0	0.9697	0.0982	3	1000	False
hydroxyfasudil	0.3094	1.0	0.969	0.1002	3	1000	False
rgfp966	0.3094	1.0	0.969	0.1002	3	1000	False
resminostat	0.3099	1.0	0.9683	0.1022	3	1000	False
s18986	0.3099	1.0	0.9683	0.1022	3	1000	False
rg1530	0.3105	1.0	0.9677	0.1041	3	1000	False
peficitinib	0.3107	1.0	0.97	0.0966	3	1000	False
telatinib	0.3107	1.0	0.97	0.0966	3	1000	False
dextromethorphan	0.3113	1.0	0.9687	0.1006	3	1000	False
tak-779	0.3113	1.0	0.9687	0.1006	3	1000	False
chrysophanic-acid	0.312	1.0	0.9663	0.1079	3	1000	False
ginsenoside-c-k	0.3124	1.0	0.9673	0.1046	3	1000	False
trilostane	0.3126	1.0	0.9697	0.097	3	1000	False
cnqx	0.3126	1.0	0.9697	0.097	3	1000	False
pha-793887	0.3126	1.0	0.9697	0.097	3	1000	False
leflunomide	0.3126	1.0	0.9697	0.097	3	1000	False
pd-168393	0.3131	1.0	0.9667	0.1065	3	1000	False
azd1480	0.3132	1.0	0.9683	0.1011	3	1000	False
bindarit	0.3137	1.0	0.9677	0.1031	3	1000	False
tofacitinib	0.3137	1.0	0.9677	0.1031	3	1000	False
talampanel	0.3146	1.0	0.9693	0.0975	3	1000	False
entinostat	0.3152	1.0	0.968	0.1015	3	1000	False
tucidinostat	0.3152	1.0	0.968	0.1015	3	1000	False
sm-164	0.3164	1.0	0.9697	0.0959	3	1000	False
xl147	0.3165	1.0	0.969	0.098	3	1000	False
gossypol	0.3167	1.0	0.9683	0.1	3	1000	False
nbqx	0.3184	1.0	0.9687	0.0984	3	1000	False
uk-356618	0.3186	1.0	0.968	0.1004	3	1000	False
tc-h-106	0.319	1.0	0.9673	0.1024	3	1000	False
amuvatinib	0.319	1.0	0.9673	0.1024	3	1000	False
bgt226	0.3194	1.0	0.9667	0.1043	3	1000	False
kg-5	0.3194	1.0	0.9667	0.1043	3	1000	False
bms-911543	0.3205	1.0	0.9677	0.1009	3	1000	False
indirubin-3-monoxime	0.3209	1.0	0.967	0.1028	3	1000	False
romidepsin	0.3213	1.0	0.9637	0.1131	3	1000	False
cabergoline	0.3213	1.0	0.9663	0.1048	3	1000	False
glycitein	0.3213	1.0	0.9663	0.1048	3	1000	False
l-glutamic-acid	0.3219	1.0	0.9657	0.1067	3	1000	False
wp1130	0.3222	1.0	0.968	0.0993	3	1000	False
raloxifene	0.3222	1.0	0.968	0.0993	3	1000	False
cyt387	0.3222	1.0	0.968	0.0993	3	1000	False
pd-166285	0.3224	1.0	0.9673	0.1013	3	1000	False
azd8797	0.3238	1.0	0.9653	0.1071	3	1000	False
ly215490	0.324	1.0	0.9683	0.0977	3	1000	False
piceatannol	0.3246	1.0	0.9748	0.0778	4	1000	False
vorinostat	0.326	1.0	0.9673	0.1002	3	1000	False
mepacrine	0.326	1.0	0.9673	0.1002	3	1000	False
su014813	0.326	1.0	0.9673	0.1002	3	1000	False
sodium-butyrate	0.3262	1.0	0.9667	0.1022	3	1000	False
tg-02	0.3275	1.0	0.9647	0.1079	3	1000	False
sar-260301	0.3278	1.0	0.967	0.1007	3	1000	False
nortriptyline	0.3278	1.0	0.967	0.1007	3	1000	False
cyclothiazide	0.328	1.0	0.9663	0.1026	3	1000	False
edo-s101	0.328	1.0	0.9663	0.1026	3	1000	False
zm-306416	0.3302	1.0	0.9653	0.105	3	1000	False
raf265	0.3307	1.0	0.9722	0.0839	4	1000	False
sb-2343	0.3325	1.0	0.9732	0.0804	4	1000	False
ym-58483	0.3336	1.0	0.9653	0.1039	3	1000	False
farampator	0.3336	1.0	0.9653	0.1039	3	1000	False
olmutinib	0.3341	1.0	0.9702	0.089	4	1000	False
gyki-52466	0.3344	1.0	0.964	0.1077	3	1000	False
brigatinib	0.3371	1.0	0.9653	0.1028	3	1000	False
ellagic-acid	0.3373	1.0	0.9718	0.0838	4	1000	False
trofinetide	0.3377	1.0	0.9705	0.0873	4	1000	False
epinephrine	0.3385	1.0	0.9627	0.1103	3	1000	False
at13148	0.3385	1.0	0.9627	0.1103	3	1000	False
aniracetam	0.3389	1.0	0.965	0.1033	3	1000	False
k02288	0.3391	1.0	0.9715	0.084	4	1000	False
ruxolitinib	0.3404	1.0	0.9718	0.083	4	1000	False
ch5132799	0.3404	1.0	0.9698	0.0889	4	1000	False
go-6983	0.3407	1.0	0.974	0.0763	4	1000	False
hydroxyprogesterone caproate	0.3417	1.0	0.9627	0.1093	3	1000	False
neratinib	0.3426	1.0	0.9643	0.1041	3	1000	False
sb-683698	0.3427	1.0	0.971	0.0846	4	1000	False
pd-173074	0.3434	1.0	0.9705	0.0859	4	1000	False
aee788	0.3434	1.0	0.9705	0.0859	4	1000	False
tandutinib	0.3453	1.0	0.9715	0.0825	4	1000	False
spironolactone	0.3467	1.0	0.9718	0.0815	4	1000	False
ag-490	0.3489	1.0	0.971	0.0831	4	1000	False
saracatinib	0.3498	1.0	0.963	0.1058	3	1000	False
prinomastat	0.3507	1.0	0.9708	0.0834	4	1000	False
filgotinib	0.3507	1.0	0.9708	0.0834	4	1000	False
cipemastat	0.3512	1.0	0.9702	0.0847	4	1000	False
jnj-26481585	0.3519	1.0	0.9677	0.0916	4	1000	False
foretinib	0.3521	1.0	0.971	0.0824	4	1000	False
alvocidib	0.3528	1.0	0.968	0.0907	4	1000	False
ns-018	0.3529	1.0	0.97	0.085	4	1000	False
hypoestoxide	0.3541	1.0	0.969	0.0875	4	1000	False
copanlisib	0.3543	1.0	0.9702	0.084	4	1000	False
mk-2461	0.3546	1.0	0.9677	0.091	4	1000	False
etp-45658	0.3547	1.0	0.9698	0.0853	4	1000	False
pik-293	0.3547	1.0	0.9698	0.0853	4	1000	False
taselisib	0.3547	1.0	0.9698	0.0853	4	1000	False
danazol	0.3566	1.0	0.9683	0.089	4	1000	False
quizartinib	0.3601	1.0	0.9677	0.0896	4	1000	False
fasudil	0.3605	1.0	0.9617	0.1063	3	1000	False
xl647	0.3606	1.0	0.9685	0.0874	4	1000	False
jte-607	0.361	1.0	0.9698	0.0838	4	1000	False
duvelisib	0.3618	1.0	0.9675	0.0898	4	1000	False
delgocitinib	0.3623	1.0	0.9683	0.0876	4	1000	False
atiprimod	0.3623	1.0	0.9683	0.0876	4	1000	False
wortmannin	0.3625	1.0	0.9736	0.0728	5	1000	False
nvp-bez235	0.3631	1.0	0.969	0.0854	4	1000	False
r406	0.3658	1.0	0.9677	0.0882	4	1000	False
adenosine-triphosphate	0.3663	1.0	0.969	0.0846	4	1000	False
cp-471474	0.3675	1.0	0.9675	0.0884	4	1000	False
sulfasalazine	0.3681	1.0	0.967	0.0896	4	1000	False
quercetin	0.3693	1.0	0.9673	0.0887	4	1000	False
crenolanib	0.3695	1.0	0.966	0.092	4	1000	False
zstk-474	0.3698	1.0	0.9685	0.0852	4	1000	False
pirfenidone	0.3699	1.0	0.9667	0.0899	4	1000	False
ki-20227	0.3715	1.0	0.9683	0.0855	4	1000	False
tg-100801	0.3716	1.0	0.9665	0.0902	4	1000	False
caffeine	0.3718	1.0	0.9677	0.0867	4	1000	False
enzastaurin	0.3722	1.0	0.966	0.0913	4	1000	False
sd-2590	0.3733	1.0	0.9663	0.0904	4	1000	False
tg100-115	0.3739	1.0	0.9657	0.0916	4	1000	False
pf-04691502	0.375	1.0	0.966	0.0907	4	1000	False
alpelisib	0.375	1.0	0.9677	0.086	4	1000	False
bardoxolone-methyl	0.3756	1.0	0.9655	0.0918	4	1000	False
vitamin-e	0.377	1.0	0.967	0.0875	4	1000	False
ac-710	0.3779	1.0	0.966	0.09	4	1000	False
gsk2126458	0.3782	1.0	0.9677	0.0853	4	1000	False
rwj-67657	0.3787	1.0	0.9643	0.0944	4	1000	False
imatinib	0.3802	1.0	0.9653	0.0914	4	1000	False
bms-690514	0.3819	1.0	0.965	0.0917	4	1000	False
vx-702	0.386	1.0	0.9653	0.09	4	1000	False
succinobucol	0.387	1.0	0.966	0.0879	4	1000	False
butein	0.3889	1.0	0.9702	0.0766	5	1000	False
gdc-0941	0.3898	1.0	0.9643	0.0917	4	1000	False
motesanib	0.3904	1.0	0.9637	0.0929	4	1000	False
azd6482	0.3906	1.0	0.9625	0.096	4	1000	False
gdc-0084	0.3938	1.0	0.965	0.0889	4	1000	False
genistein	0.3971	1.0	0.9627	0.0938	4	1000	False
fedratinib	0.3971	1.0	0.9702	0.075	5	1000	False
sitravatinib	0.4003	1.0	0.9676	0.0809	5	1000	False
pi-103	0.4004	1.0	0.9698	0.0754	5	1000	False
ckd-712	0.4008	1.0	0.9708	0.0729	5	1000	False
atn-161	0.4023	1.0	0.9662	0.084	5	1000	False
rgb-286638	0.406	1.0	0.9688	0.0769	5	1000	False
curcumin	0.4093	1.0	0.9684	0.0772	5	1000	False
lenvatinib	0.4094	1.0	0.9662	0.0826	5	1000	False
whi-p154	0.4119	1.0	0.9668	0.0806	5	1000	False
andrographolide	0.4128	1.0	0.967	0.0799	5	1000	False
axitinib	0.415	1.0	0.9658	0.0824	5	1000	False
toceranib	0.4151	1.0	0.9664	0.0809	5	1000	False
orantinib	0.4154	1.0	0.967	0.0794	5	1000	False
mesalazine	0.417	1.0	0.9668	0.0796	5	1000	False
avl-292	0.4183	1.0	0.9654	0.0827	5	1000	False
givinostat	0.4186	1.0	0.9676	0.0774	5	1000	False
tivozanib	0.4191	1.0	0.9656	0.0821	5	1000	False
osi-930	0.4203	1.0	0.9664	0.0799	5	1000	False
marimastat	0.4214	1.0	0.9676	0.0769	5	1000	False
ilomastat	0.4256	1.0	0.9697	0.0713	6	1000	False
crisaborole	0.4265	1.0	0.9708	0.0684	6	1000	False
gdc-0980	0.4267	1.0	0.9688	0.073	6	1000	False
epigallocatechin-gallate-(-)	0.435	1.0	0.9675	0.0747	6	1000	False
vatalanib	0.4367	1.0	0.9685	0.0721	6	1000	False
cts-1027	0.4367	1.0	0.9628	0.0852	5	1000	False
sunitinib	0.4423	1.0	0.9682	0.072	6	1000	False
semaxanib	0.4462	1.0	0.968	0.0717	6	1000	False
tamoxifen	0.4462	1.0	0.968	0.0717	6	1000	False
pik-75	0.4477	1.0	0.963	0.0826	5	1000	False
sorafenib	0.4554	1.0	0.9695	0.067	6	1000	False
enmd-2076	0.4562	1.0	0.968	0.0701	6	1000	False
idelalisib	0.4606	1.0	0.965	0.076	6	1000	False
arsenic trioxide diethanolamine salt	0.4628	1.0	0.9665	0.0724	6	1000	False
arsenic-trioxide	0.4643	1.0	0.9658	0.0736	6	1000	False
dovitinib	0.4648	1.0	0.9679	0.0692	7	1000	False
cediranib	0.4678	1.0	0.9665	0.0716	6	1000	False
lucitanib	0.4705	1.0	0.9652	0.074	6	1000	False
ephedrine-(racemic)	0.4713	1.0	0.9674	0.0691	7	1000	False
midostaurin	0.4714	1.0	0.9669	0.0703	7	1000	False
linifanib	0.4738	1.0	0.9686	0.0663	7	1000	False
pazopanib	0.476	1.0	0.9706	0.0617	8	1000	False
7-hydroxystaurosporine	0.4767	1.0	0.9696	0.0638	7	1000	False
kn-62	0.4839	1.0	0.9674	0.0673	7	1000	False
vandetanib	0.4875	1.0	0.9657	0.0703	7	1000	False
sb-202190	0.4891	1.0	0.9661	0.0692	7	1000	False
4,5,6,7-tetrabromobenzotriazole	0.4953	1.0	0.9679	0.0649	7	1000	False
dorsomorphin	0.5074	1.0	0.9663	0.0664	7	1000	False
bisindolylmaleimide-ix	0.5121	1.0	0.9681	0.0622	8	1000	False
bms-536924	0.5166	1.0	0.9713	0.0555	9	1000	False
regorafenib	0.5199	1.0	0.9655	0.0664	8	1000	False
u-0126	0.5244	1.0	0.9684	0.0602	9	1000	False
pd-98059	0.5458	1.0	0.966	0.0623	9	1000	False
pp-121	0.5817	1.0	0.9686	0.054	10	1000	False
sb-203580	0.5956	1.0	0.9696	0.051	11	1000	False
ly294002	0.6532	1.0	0.9669	0.0506	12	1000	False
